org.apache.hadoop.hdfs.server.balancer.TestBalancer	357.054	349.61	349.382	355.676	353.566
org.apache.hadoop.hdfs.qjournal.client.TestQJMWithFaults	316.699	314.65	316.942	310.01	318.716
org.apache.hadoop.hdfs.server.namenode.snapshot.TestRenameWithSnapshots	201.876	200.125	199.463	202.191	202.008
org.apache.hadoop.hdfs.TestDecommission	209.396	189.88	191.598	201.652	201.286
org.apache.hadoop.hdfs.server.mover.TestStorageMover	165.108	164.688	164.216	163.966	163.8
org.apache.hadoop.hdfs.TestDFSClientRetries	150.91	148.938	148.253	151.012	155.192
org.apache.hadoop.hdfs.TestEncryptedTransfer	143.991	141.386	142.668	143.096	145.181
org.apache.hadoop.hdfs.TestDFSStorageStateRecovery	144.791	144.275	145.128	143.206	145.098
org.apache.hadoop.hdfs.server.namenode.TestFsck	133.377	133.748	135.751	136.268	134.053
org.apache.hadoop.hdfs.server.datanode.TestDataNodeRollingUpgrade	124.852	123.937	123.708	125.256	124.962
org.apache.hadoop.hdfs.web.TestWebHDFS	122.864	125.022	122.77	115.854	118.08
org.apache.hadoop.hdfs.server.namenode.TestCheckpoint	118.968	118.711	118.846	118.586	117.815
org.apache.hadoop.hdfs.server.namenode.ha.TestRetryCacheWithHA	116.576	115.87	114.467	144.845	117.042
org.apache.hadoop.hdfs.server.namenode.ha.TestStandbyCheckpoints	115.132	121.454	116.189	115.94	116.264
org.apache.hadoop.hdfs.server.datanode.fsdataset.impl.TestLazyPersistFiles	116.191	116.098	115.898	115.7	115.679
org.apache.hadoop.hdfs.TestEncryptionZonesWithKMS	114.375	113.684	113.604	113.903	115.582
org.apache.hadoop.hdfs.server.namenode.TestFileTruncate	111.043	107.042	109.78	112.846	111.102
org.apache.hadoop.hdfs.server.namenode.snapshot.TestSnapshotDeletion	109.446	106.583	109.178	109.628	110.525
org.apache.hadoop.hdfs.server.namenode.TestCacheDirectives	104.56	105.167	105.925	105.185	106.44
org.apache.hadoop.hdfs.server.datanode.fsdataset.impl.TestLazyWriter	105.821	105.714	105.678	105.8	106.341
org.apache.hadoop.hdfs.TestRollingUpgrade	103.126	116.225	118.914	102.581	105.497
org.apache.hadoop.hdfs.server.namenode.TestAuditLogs	103.173	100.717	101.762	102.046	103.994
org.apache.hadoop.hdfs.TestFileCreation	101.096	101.655	102.716	101.858	101.747
org.apache.hadoop.hdfs.server.datanode.TestFsDatasetCache	100.728	100.861	102.32	100.508	100.068
org.apache.hadoop.hdfs.TestEncryptionZones	97.89	98.272	98.335	98.412	98.454
org.apache.hadoop.hdfs.server.namenode.metrics.TestNameNodeMetrics	99.856	99.577	99.206	98.368	97.856
org.apache.hadoop.hdfs.server.namenode.ha.TestPipelinesFailover	94.72	100.251	94.576	101.514	95.166
org.apache.hadoop.hdfs.server.namenode.ha.TestHASafeMode	94.108	93.584	94.727	94.879	94.817
org.apache.hadoop.hdfs.server.datanode.fsdataset.impl.TestSpaceReservation	92.621	93.493	93.551	93.54	93.461
org.apache.hadoop.hdfs.server.namenode.snapshot.TestSnapshot	90.882	94.618	95.315	93.506	92.08
org.apache.hadoop.hdfs.TestDFSShell	90.248	91.05	89.586	89.345	90.511
org.apache.hadoop.hdfs.server.namenode.ha.TestFailureToReadEdits	87.161	87.196	87.088	87.103	87.058
org.apache.hadoop.hdfs.TestClientProtocolForPipelineRecovery	84.814	84.082	84.862	84.772	84.514
org.apache.hadoop.hdfs.server.namenode.TestEditLog	83.318	82.9	83.946	82.641	83.056
org.apache.hadoop.hdfs.server.datanode.TestBlockScanner	87.48	76.972	82.39	83.128	82.455
org.apache.hadoop.hdfs.server.datanode.TestDataNodeVolumeFailureReporting	82.544	82.434	82.13	82.472	81.742
org.apache.hadoop.hdfs.TestLeaseRecovery2	80.54	80.606	81.252	81.267	81.187
org.apache.hadoop.hdfs.TestAclsEndToEnd	78.259	78.448	78.438	77.844	77.623
org.apache.hadoop.hdfs.TestDistributedFileSystem	74.764	74.884	74.51	73.764	75.126
org.apache.hadoop.hdfs.server.namenode.TestDeleteRace	72.372	72.276	71.652	72.105	72.214
org.apache.hadoop.hdfs.TestReplaceDatanodeFailureReplication	71.416	71.101	70.881	76.148	70.92
org.apache.hadoop.hdfs.server.namenode.ha.TestHAStateTransitions	65.47	67.939	65.708	67.308	69.766
org.apache.hadoop.hdfs.server.namenode.TestFSImageWithAcl	69.079	69.182	69.159	68.93	69.215
org.apache.hadoop.hdfs.server.datanode.TestDirectoryScanner	62.591	67.673	61.837	71.468	68.884
org.apache.hadoop.hdfs.server.datanode.TestDataNodeVolumeFailure	66.772	65.962	66.538	67.266	66.554
org.apache.hadoop.hdfs.TestHDFSFileSystemContract	64.72	65.408	65.493	66.803	65.93
org.apache.hadoop.hdfs.server.namenode.TestQuotaByStorageType	65.94	65.443	65.011	64.709	65.239
org.apache.hadoop.hdfs.TestDatanodeDeath	70.932	66.843	62.25	64.818	63.962
org.apache.hadoop.hdfs.server.namenode.TestDiskspaceQuotaUpdate	62.444	58.191	54.77	61.898	62.905
org.apache.hadoop.hdfs.server.namenode.snapshot.TestOpenFilesWithSnapshot	62.386	62.784	62.49	62.416	62.461
org.apache.hadoop.hdfs.server.mover.TestMover	62.467	62.561	62.422	62.844	62.329
org.apache.hadoop.hdfs.server.namenode.TestListCorruptFileBlocks	62.408	65.928	57.472	64.886	61.808
org.apache.hadoop.hdfs.server.datanode.TestDataNodeHotSwapVolumes	69.905	64.058	66.275	66.595	61.196
org.apache.hadoop.hdfs.server.blockmanagement.TestBlocksWithNotEnoughRacks	57.216	55.658	57.334	59.97	57.756
org.apache.hadoop.hdfs.server.balancer.TestBalancerWithSaslDataTransfer	56.938	55.244	57.892	60.518	57.388
org.apache.hadoop.hdfs.server.datanode.TestNNHandlesBlockReportPerStorage	56.68	56.523	56.656	57.444	57.27
org.apache.hadoop.hdfs.server.datanode.TestNNHandlesCombinedBlockReport	57.43	57.495	56.962	57.794	57.066
org.apache.hadoop.hdfs.TestReplication	56.234	56.466	55.939	58.314	56.924
org.apache.hadoop.hdfs.web.TestWebHdfsWithRestCsrfPreventionFilter	55.224	56.552	55.12	55.938	55.966
org.apache.hadoop.hdfs.server.datanode.TestDataNodeMultipleRegistrations	53.882	53.793	56.155	56.202	55.774
org.apache.hadoop.hdfs.server.namenode.ha.TestDNFencingWithReplication	51.364	55.396	55.122	49.725	55.45
org.apache.hadoop.hdfs.server.namenode.TestEditLogRace	51.998	51.514	51.816	52.038	51.556
org.apache.hadoop.hdfs.TestRenameWhileOpen	50.787	50.762	50.988	51.268	50.867
org.apache.hadoop.hdfs.qjournal.TestSecureNNWithQJM	51.349	53.183	55.93	50.106	50.776
org.apache.hadoop.hdfs.TestBlockStoragePolicy	50.177	50.601	50.26	50.408	50.032
org.apache.hadoop.hdfs.TestDFSUpgradeFromImage	49.002	49.129	48.77	48.766	49.112
org.apache.hadoop.hdfs.TestHFlush	46.599	46.227	46.815	46.809	46.538
org.apache.hadoop.hdfs.server.namenode.TestINodeFile	46.049	46.558	45.896	45.696	45.968
org.apache.hadoop.hdfs.TestGetBlocks	45.76	47.588	41.26	45.916	45.76
org.apache.hadoop.hdfs.server.namenode.ha.TestDNFencing	45.476	44.78	45.736	45.584	45.366
org.apache.hadoop.cli.TestHDFSCLI	46.028	46.514	40.366	43.524	44.52
org.apache.hadoop.hdfs.qjournal.client.TestQuorumJournalManager	44.429	44.276	44.514	44.745	44.456
org.apache.hadoop.hdfs.TestSafeMode	44.316	44.234	44.614	44.124	44.203
org.apache.hadoop.hdfs.server.namenode.TestFSImageWithSnapshot	44.194	43.522	44.26	43.818	44.091
org.apache.hadoop.hdfs.server.blockmanagement.TestReplicationPolicy	44.904	43.793	43.844	43.7	43.502
org.apache.hadoop.hdfs.TestFileAppend	42.226	43.6	42.186	43.782	42.176
org.apache.hadoop.hdfs.server.namenode.TestFSImage	41.341	41.84	41.646	41.653	41.394
org.apache.hadoop.hdfs.server.namenode.TestDecommissioningStatus	44.101	46.351	46.348	43.777	41.282
org.apache.hadoop.hdfs.server.namenode.TestFSImageWithXAttr	39.388	38.98	38.994	38.523	38.882
org.apache.hadoop.hdfs.server.datanode.TestDataNodeLifeline	38.476	38.472	38.753	38.553	38.38
org.apache.hadoop.hdfs.protocol.datatransfer.sasl.TestSaslDataTransfer	40.578	40.48	39.738	39.536	38.021
org.apache.hadoop.hdfs.server.datanode.TestBPOfferService	37.504	37.593	38.01	37.716	37.628
org.apache.hadoop.hdfs.server.datanode.TestDataNodeVolumeFailureToleration	37.122	37.451	37.27	37.406	37.282
org.apache.hadoop.hdfs.server.balancer.TestBalancerWithMultipleNameNodes	35.818	38.311	37.668	38.017	36.13
org.apache.hadoop.hdfs.server.datanode.TestDataNodeMetrics	34.516	35.0	34.934	35.05	34.68
org.apache.hadoop.hdfs.server.namenode.TestDeadDatanode	34.583	34.472	34.64	34.652	34.624
org.apache.hadoop.hdfs.TestFileCreationClient	24.628	49.641	54.586	44.576	34.396
org.apache.hadoop.hdfs.server.namenode.TestNameNodeRecovery	32.82	32.99	32.774	33.003	33.018
org.apache.hadoop.hdfs.TestFileAppend4	32.187	32.219	31.992	31.909	32.057
org.apache.hadoop.hdfs.server.blockmanagement.TestPendingInvalidateBlock	32.816	31.964	32.717	33.03	31.846
org.apache.hadoop.hdfs.TestSetrepIncreasing	30.217	31.637	31.963	31.342	31.617
org.apache.hadoop.hdfs.server.namenode.TestStartup	31.594	31.365	31.204	31.635	31.44
org.apache.hadoop.hdfs.server.datanode.fsdataset.impl.TestLazyPersistReplicaPlacement	30.67	30.682	30.531	30.744	30.569
org.apache.hadoop.hdfs.security.TestDelegationToken	30.274	30.092	30.38	30.193	30.34
org.apache.hadoop.hdfs.server.namenode.snapshot.TestSnapshotBlocksMap	29.006	28.72	29.67	29.2	29.53
org.apache.hadoop.hdfs.server.namenode.ha.TestBootstrapStandby	29.274	29.045	29.167	29.321	29.264
org.apache.hadoop.hdfs.server.namenode.TestNameNodeMetadataConsistency	26.924	28.726	28.678	26.798	28.852
org.apache.hadoop.hdfs.server.namenode.ha.TestDFSUpgradeWithHA	28.494	28.476	28.367	28.664	28.66
org.apache.hadoop.hdfs.server.blockmanagement.TestOverReplicatedBlocks	28.516	28.786	28.627	28.302	28.545
org.apache.hadoop.hdfs.server.balancer.TestBalancerWithNodeGroup	28.209	28.39	28.052	28.024	28.175
org.apache.hadoop.hdfs.tools.TestDFSAdmin	27.587	28.2	27.975	29.404	28.044
org.apache.hadoop.hdfs.TestTrashWithSecureEncryptionZones	28.328	28.454	28.635	28.547	27.65
org.apache.hadoop.hdfs.TestAppendSnapshotTruncate	26.892	26.98	27.094	26.77	27.41
org.apache.hadoop.hdfs.server.namenode.TestNamenodeRetryCache	26.652	27.275	27.374	27.437	27.376
org.apache.hadoop.hdfs.server.datanode.TestLargeBlockReport	27.398	26.934	27.172	27.176	27.072
org.apache.hadoop.hdfs.server.blockmanagement.TestPendingReplication	26.804	27.161	26.971	27.023	26.958
org.apache.hadoop.hdfs.server.namenode.TestNameEditsConfigs	26.062	26.397	26.144	26.006	26.676
org.apache.hadoop.hdfs.server.balancer.TestBalancerWithEncryptedTransfer	26.572	26.739	26.73	26.683	26.62
org.apache.hadoop.hdfs.TestPersistBlocks	26.216	26.012	26.572	25.964	26.342
org.apache.hadoop.hdfs.server.datanode.fsdataset.impl.TestFsDatasetImpl	24.058	23.788	26.076	23.768	26.135
org.apache.hadoop.hdfs.TestLeaseRecovery	26.0	25.871	25.767	25.724	25.9
org.apache.hadoop.hdfs.tools.TestDFSAdminWithHA	25.59	25.226	25.904	25.904	25.852
org.apache.hadoop.hdfs.server.datanode.TestBlockReplacement	25.823	25.764	25.876	25.656	25.572
org.apache.hadoop.hdfs.server.namenode.TestProcessCorruptBlocks	25.282	25.207	25.41	25.212	25.289
org.apache.hadoop.hdfs.server.namenode.TestBackupNode	25.402	25.29	25.386	25.403	25.198
org.apache.hadoop.hdfs.TestDatanodeReport	24.876	24.939	24.899	24.818	25.043
org.apache.hadoop.hdfs.TestDFSPermission	24.755	24.332	24.314	24.365	24.711
org.apache.hadoop.hdfs.server.blockmanagement.TestBlockTokenWithDFS	24.065	24.172	24.056	23.718	24.671
org.apache.hadoop.hdfs.server.namenode.TestSaveNamespace	24.618	24.779	24.628	24.478	24.569
org.apache.hadoop.hdfs.server.blockmanagement.TestBlockStatsMXBean	24.64	24.477	24.33	24.393	24.541
org.apache.hadoop.hdfs.web.TestWebHDFSAcl	24.73	24.549	24.615	24.734	24.496
org.apache.hadoop.hdfs.server.namenode.TestLargeDirectoryDelete	26.494	25.923	27.26	26.434	24.194
org.apache.hadoop.hdfs.server.namenode.snapshot.TestNestedSnapshots	23.682	23.353	24.028	24.072	24.044
org.apache.hadoop.hdfs.TestFileAppend2	22.361	23.558	21.588	21.063	24.008
org.apache.hadoop.tracing.TestTraceAdmin	24.25	23.45	23.656	24.44	23.916
org.apache.hadoop.hdfs.server.namenode.TestHDFSConcat	24.191	24.615	23.504	24.29	23.662
org.apache.hadoop.hdfs.server.namenode.TestNameNodeAcl	22.927	22.768	22.834	23.009	23.362
org.apache.hadoop.hdfs.server.namenode.TestFileContextAcl	22.128	22.922	22.411	23.656	23.216
org.apache.hadoop.hdfs.TestSecureEncryptionZoneWithKMS	22.696	23.745	23.294	23.124	23.05
org.apache.hadoop.hdfs.TestDataStream	22.691	22.764	22.691	22.661	22.601
org.apache.hadoop.hdfs.TestFileConcurrentReader	23.137	22.652	22.984	23.274	22.486
org.apache.hadoop.hdfs.TestMiniDFSCluster	22.12	22.637	22.075	22.437	22.458
org.apache.hadoop.hdfs.server.namenode.TestHostsFiles	19.98	22.33	21.121	21.087	22.438
org.apache.hadoop.hdfs.TestParallelRead	20.632	22.548	22.704	23.862	22.349
org.apache.hadoop.hdfs.server.namenode.TestNameNodeMXBean	22.11	22.093	22.188	22.096	22.184
org.apache.hadoop.hdfs.server.namenode.snapshot.TestSnapshotDiffReport	21.557	21.542	22.05	21.283	21.757
org.apache.hadoop.hdfs.server.datanode.fsdataset.impl.TestLazyPersistLockedMemory	21.41	21.318	21.508	21.249	21.449
org.apache.hadoop.hdfs.server.blockmanagement.TestUnderReplicatedBlocks	21.154	21.322	21.222	21.3	21.38
org.apache.hadoop.hdfs.TestDFSRollback	20.939	20.846	20.284	20.574	20.74
org.apache.hadoop.hdfs.server.datanode.TestDiskError	20.021	20.798	20.88	20.742	20.704
org.apache.hadoop.hdfs.server.datanode.TestReadOnlySharedStorage	20.432	20.452	20.409	20.476	20.472
org.apache.hadoop.hdfs.TestDFSInotifyEventInputStream	19.416	19.648	19.902	19.735	19.654
org.apache.hadoop.hdfs.server.datanode.fsdataset.impl.TestLazyPersistReplicaRecovery	19.088	19.065	19.092	19.172	19.047
org.apache.hadoop.hdfs.TestFileAppend3	18.718	18.124	18.083	18.188	18.982
org.apache.hadoop.hdfs.server.namenode.ha.TestFailoverWithBlockTokensEnabled	18.531	18.618	19.074	18.944	18.574
org.apache.hadoop.hdfs.tools.TestDFSZKFailoverController	14.928	13.802	13.88	13.874	18.456
org.apache.hadoop.hdfs.TestDFSUpgrade	18.574	18.203	18.696	18.566	18.22
org.apache.hadoop.hdfs.server.datanode.fsdataset.impl.TestDatanodeRestart	17.926	17.836	17.807	17.774	18.069
org.apache.hadoop.hdfs.server.namenode.TestNestedEncryptionZones	17.874	17.822	17.68	17.826	17.706
org.apache.hadoop.hdfs.server.namenode.ha.TestStandbyIsHot	17.502	17.295	17.398	16.998	17.594
org.apache.hadoop.hdfs.TestDFSFinalize	17.89	17.56	17.404	17.614	17.552
org.apache.hadoop.hdfs.server.namenode.TestAddBlock	17.224	17.226	17.29	17.287	17.29
org.apache.hadoop.fs.viewfs.TestViewFileSystemHdfs	14.774	13.806	15.144	14.868	17.24
org.apache.hadoop.hdfs.TestDFSClientFailover	16.84	16.686	16.926	16.986	17.094
org.apache.hadoop.hdfs.TestDataTransferKeepalive	17.039	17.042	16.857	16.88	17.046
org.apache.hadoop.hdfs.server.blockmanagement.TestNameNodePrunesMissingStorages	17.434	17.306	17.11	17.24	17.028
org.apache.hadoop.hdfs.server.namenode.TestNamenodeCapacityReport	17.302	16.997	17.164	16.815	17.023
org.apache.hadoop.hdfs.TestCrcCorruption	16.481	16.757	16.456	16.291	16.806
org.apache.hadoop.hdfs.server.namenode.ha.TestBootstrapStandbyWithQJM	16.643	16.48	16.493	16.613	16.636
org.apache.hadoop.hdfs.server.namenode.TestFSDirectory	16.652	16.569	16.664	16.592	16.53
org.apache.hadoop.hdfs.server.namenode.TestBlockUnderConstruction	15.945	15.951	15.946	15.862	16.053
org.apache.hadoop.hdfs.server.namenode.snapshot.TestSnapshotRename	16.398	16.209	16.219	16.232	15.925
org.apache.hadoop.hdfs.server.namenode.TestAclConfigFlag	15.618	15.799	15.614	15.614	15.858
org.apache.hadoop.hdfs.server.blockmanagement.TestRBWBlockInvalidation	15.089	14.782	15.502	15.228	15.792
org.apache.hadoop.hdfs.server.namenode.TestEditLogJournalFailures	15.749	15.885	15.779	15.705	15.727
org.apache.hadoop.hdfs.server.datanode.TestDeleteBlockPool	14.592	15.945	14.654	12.99	15.638
org.apache.hadoop.hdfs.server.namenode.TestMetaSave	15.624	15.475	15.474	15.532	15.634
org.apache.hadoop.hdfs.TestReservedRawPaths	15.952	15.883	15.688	15.792	15.626
org.apache.hadoop.hdfs.TestSetrepDecreasing	15.433	15.75	15.525	15.464	15.618
org.apache.hadoop.hdfs.server.balancer.TestBalancerRPCDelay	18.916	18.348	20.684	17.038	15.602
org.apache.hadoop.hdfs.web.TestWebHDFSXAttr	15.665	15.189	15.176	15.744	15.592
org.apache.hadoop.hdfs.TestFileAppendRestart	15.21	15.046	15.388	15.258	15.329
org.apache.hadoop.hdfs.TestRestartDFS	14.806	14.694	15.349	15.158	15.296
org.apache.hadoop.hdfs.TestDFSStartupVersions	15.496	15.108	15.329	15.39	15.277
org.apache.hadoop.hdfs.server.namenode.ha.TestEditLogTailer	14.606	14.68	14.572	14.574	14.809
org.apache.hadoop.hdfs.server.namenode.TestStorageRestore	14.556	14.907	14.51	14.767	14.779
org.apache.hadoop.hdfs.server.datanode.TestDataNodeReconfiguration	14.978	14.556	14.614	14.887	14.552
org.apache.hadoop.hdfs.server.datanode.TestBatchIbr	14.509	14.395	14.792	14.514	14.54
org.apache.hadoop.hdfs.server.namenode.ha.TestQuotasWithHA	14.672	13.785	13.822	14.818	14.294
org.apache.hadoop.hdfs.TestHdfsAdmin	14.123	14.304	14.238	14.119	14.292
org.apache.hadoop.fs.viewfs.TestViewFileSystemAtHdfsRoot	15.497	15.544	16.063	14.346	14.26
org.apache.hadoop.hdfs.server.datanode.TestBlockRecovery	14.351	14.508	14.151	13.879	14.16
org.apache.hadoop.hdfs.server.datanode.TestIncrementalBlockReports	13.762	13.788	13.815	13.773	14.08
org.apache.hadoop.hdfs.web.TestWebHDFSForHA	13.311	15.138	15.27	14.359	14.05
org.apache.hadoop.hdfs.server.blockmanagement.TestBlockManager	14.243	14.384	13.869	14.029	13.992
org.apache.hadoop.hdfs.qjournal.server.TestJournalNode	14.088	14.172	14.48	14.136	13.991
org.apache.hadoop.hdfs.server.namenode.TestProtectedDirectories	14.192	14.185	14.043	14.079	13.864
org.apache.hadoop.hdfs.server.namenode.TestNameNodeXAttr	13.797	13.712	14.006	14.141	13.838
org.apache.hadoop.hdfs.TestFileCorruption	13.87	13.901	13.832	13.741	13.73
org.apache.hadoop.hdfs.server.namenode.ha.TestHAMetrics	13.686	13.756	13.856	13.801	13.713
org.apache.hadoop.fs.loadGenerator.TestLoadGenerator	13.826	13.732	13.742	13.806	13.69
org.apache.hadoop.hdfs.TestFileCreationDelete	13.693	13.657	13.94	13.565	13.586
org.apache.hadoop.hdfs.server.namenode.TestListOpenFiles	13.996	13.316	14.422	13.891	13.484
org.apache.hadoop.hdfs.TestDFSRemove	14.305	13.37	13.83	13.208	13.422
org.apache.hadoop.hdfs.TestInjectionForSimulatedStorage	13.337	13.289	13.317	13.278	13.346
org.apache.hadoop.hdfs.server.namenode.TestFileContextXAttr	13.086	13.498	13.218	13.3	13.282
org.apache.hadoop.hdfs.TestWriteRead	13.178	13.211	13.064	13.09	13.128
org.apache.hadoop.hdfs.TestDatanodeRegistration	13.43	13.363	13.049	13.388	12.972
org.apache.hadoop.hdfs.server.datanode.TestIncrementalBrVariations	13.058	12.84	12.723	13.28	12.834
org.apache.hadoop.hdfs.server.namenode.snapshot.TestINodeFileUnderConstructionWithSnapshot	12.744	12.434	12.806	12.565	12.689
org.apache.hadoop.hdfs.server.namenode.TestDefaultBlockPlacementPolicy	12.766	12.526	12.782	12.702	12.676
org.apache.hadoop.hdfs.tools.offlineEditsViewer.TestOfflineEditsViewer	12.567	12.296	12.77	12.411	12.484
org.apache.hadoop.hdfs.server.namenode.TestFSEditLogLoader	12.518	12.416	12.999	12.518	12.477
org.apache.hadoop.hdfs.TestDFSClientExcludedNodes	12.128	12.639	12.09	12.178	12.233
org.apache.hadoop.hdfs.TestModTime	12.02	11.992	12.14	12.168	12.156
org.apache.hadoop.hdfs.crypto.TestHdfsCryptoStreams	13.254	15.075	12.347	13.393	11.986
org.apache.hadoop.hdfs.server.namenode.ha.TestPendingCorruptDnMessages	11.913	11.95	11.877	11.894	11.92
org.apache.hadoop.hdfs.server.datanode.fsdataset.impl.TestLazyPersistPolicy	12.167	12.046	12.039	12.009	11.902
org.apache.hadoop.hdfs.server.namenode.snapshot.TestAclWithSnapshot	11.79	11.757	11.656	11.937	11.692
org.apache.hadoop.hdfs.server.namenode.TestAuditLogger	11.884	11.604	11.65	11.601	11.68
org.apache.hadoop.hdfs.server.namenode.ha.TestInitializeSharedEdits	11.454	11.668	11.548	11.476	11.606
org.apache.hadoop.hdfs.TestAppendDifferentChecksum	11.02	11.339	11.166	11.322	11.486
org.apache.hadoop.hdfs.server.namenode.TestAddBlockRetry	11.349	11.401	11.397	11.449	11.458
org.apache.hadoop.hdfs.TestDFSRename	11.356	11.263	11.372	11.296	11.324
org.apache.hadoop.hdfs.server.namenode.TestXAttrConfigFlag	11.63	11.412	11.461	11.224	11.316
org.apache.hadoop.hdfs.TestAbandonBlock	11.404	11.201	11.018	11.03	11.267
org.apache.hadoop.hdfs.TestParallelShortCircuitLegacyRead	10.686	11.195	11.815	11.106	11.231
org.apache.hadoop.hdfs.server.datanode.TestHSync	11.056	10.828	10.916	11.284	11.029
org.apache.hadoop.hdfs.TestReplaceDatanodeOnFailure	11.197	10.881	11.243	11.236	11.02
org.apache.hadoop.hdfs.server.namenode.TestUpgradeDomainBlockPlacementPolicy	10.898	12.07	10.524	11.132	10.844
org.apache.hadoop.hdfs.server.datanode.fsdataset.impl.TestWriteToReplica	10.54	10.516	10.15	10.486	10.734
org.apache.hadoop.hdfs.TestRollingUpgradeRollback	10.436	10.517	11.026	10.841	10.636
org.apache.hadoop.hdfs.server.datanode.web.webhdfs.TestDataNodeUGIProvider	10.612	10.612	10.619	10.612	10.618
org.apache.hadoop.hdfs.server.namenode.snapshot.TestSnapshotReplication	10.304	11.041	12.056	10.535	10.465
org.apache.hadoop.hdfs.TestLease	10.117	10.095	10.569	10.344	10.288
org.apache.hadoop.hdfs.server.namenode.TestParallelImageWrite	10.176	11.162	9.887	10.7	10.271
org.apache.hadoop.hdfs.TestSetTimes	10.103	10.46	10.375	10.074	10.197
org.apache.hadoop.hdfs.server.namenode.TestLeaseManager	10.267	10.216	10.262	10.33	10.194
org.apache.hadoop.fs.TestSymlinkHdfsFileSystem	9.222	9.995	8.858	10.639	10.193
org.apache.hadoop.fs.TestSymlinkHdfsFileContext	10.966	8.282	7.956	9.25	10.119
org.apache.hadoop.hdfs.server.blockmanagement.TestNodeCount	10.035	10.593	10.568	10.044	10.037
org.apache.hadoop.hdfs.TestFileLengthOnClusterRestart	9.321	9.337	9.454	9.354	9.832
org.apache.hadoop.hdfs.TestFSOutputSummer	9.57	9.614	9.596	9.489	9.736
org.apache.hadoop.hdfs.server.blockmanagement.TestReplicationPolicyWithNodeGroup	9.768	9.588	9.732	9.552	9.689
org.apache.hadoop.fs.TestHDFSFileContextMainOperations	9.774	11.274	9.195	9.133	9.684
org.apache.hadoop.hdfs.TestDFSOutputStream	7.1	8.251	8.608	9.162	9.623
org.apache.hadoop.hdfs.TestDFSInputStream	9.415	9.738	9.53	9.591	9.512
org.apache.hadoop.hdfs.TestClientReportBadBlock	9.173	9.236	9.466	9.336	9.433
org.apache.hadoop.hdfs.web.TestWebHdfsFileSystemContract	10.122	8.906	9.733	7.237	9.252
org.apache.hadoop.hdfs.server.namenode.TestSecondaryNameNodeUpgrade	9.164	9.12	9.16	9.128	9.235
org.apache.hadoop.hdfs.server.namenode.TestNameNodeRespectsBindHostKeys	9.184	9.302	9.184	9.174	9.215
org.apache.hadoop.hdfs.server.datanode.TestCachingStrategy	8.786	9.048	8.872	9.18	9.186
org.apache.hadoop.hdfs.server.datanode.fsdataset.impl.TestInterDatanodeProtocol	9.106	9.022	8.915	9.267	9.148
org.apache.hadoop.hdfs.server.namenode.snapshot.TestUpdatePipelineWithSnapshots	9.052	9.088	9.06	9.026	9.144
org.apache.hadoop.hdfs.server.blockmanagement.TestBlockReportRateLimiting	10.32	11.944	13.039	8.692	9.116
org.apache.hadoop.fs.TestSWebHdfsFileContextMainOperations	8.832	8.548	9.08	8.612	9.05
org.apache.hadoop.hdfs.server.blockmanagement.TestComputeInvalidateWork	9.057	9.29	9.172	9.176	8.848
org.apache.hadoop.hdfs.server.namenode.TestSecurityTokenEditLog	8.327	9.321	9.646	8.394	8.758
org.apache.hadoop.hdfs.server.namenode.ha.TestDelegationTokensWithHA	8.678	8.504	8.396	8.5	8.604
org.apache.hadoop.fs.permission.TestStickyBit	8.484	8.308	8.534	8.315	8.5
org.apache.hadoop.hdfs.TestFileCreationEmpty	8.472	8.518	8.333	8.439	8.395
org.apache.hadoop.hdfs.qjournal.client.TestEpochsAreUnique	7.858	8.03	8.341	6.844	8.343
org.apache.hadoop.hdfs.server.namenode.TestCheckPointForSecurityTokens	8.476	8.228	8.153	8.314	8.316
org.apache.hadoop.hdfs.server.namenode.TestFSNamesystemMBean	8.516	8.49	8.46	8.398	8.293
org.apache.hadoop.hdfs.server.namenode.web.resources.TestWebHdfsDataLocality	8.326	8.216	8.42	8.262	8.264
org.apache.hadoop.hdfs.server.datanode.TestDataNodeMXBean	8.169	8.26	8.253	8.137	8.194
org.apache.hadoop.hdfs.TestQuota	8.217	8.728	8.266	9.052	8.148
org.apache.hadoop.net.TestNetworkTopology	8.027	8.556	8.15	8.111	8.128
org.apache.hadoop.hdfs.web.TestWebHdfsWithMultipleNameNodes	7.959	7.917	7.786	7.816	7.877
org.apache.hadoop.hdfs.TestSnapshotCommands	8.944	10.68	9.084	8.175	7.804
org.apache.hadoop.hdfs.TestMultiThreadedHflush	7.675	7.564	8.046	7.754	7.738
org.apache.hadoop.hdfs.server.namenode.TestTransferFsImage	7.546	7.622	7.505	7.578	7.62
org.apache.hadoop.hdfs.TestRollingUpgradeDowngrade	7.554	7.61	7.595	7.438	7.595
org.apache.hadoop.hdfs.TestApplyingStoragePolicy	7.605	7.33	7.813	7.564	7.588
org.apache.hadoop.hdfs.TestGetFileChecksum	7.646	7.589	7.65	7.682	7.551
org.apache.hadoop.hdfs.qjournal.TestNNWithQJM	7.35	7.359	7.232	7.206	7.442
org.apache.hadoop.hdfs.server.datanode.TestDataNodeExit	7.298	7.382	7.336	7.386	7.438
org.apache.hadoop.hdfs.server.balancer.TestBalancerWithHANameNodes	7.407	7.42	7.86	7.888	7.433
org.apache.hadoop.hdfs.server.namenode.TestBlockPlacementPolicyRackFaultTolerant	7.057	7.254	7.382	7.202	7.352
org.apache.hadoop.hdfs.server.namenode.snapshot.TestXAttrWithSnapshot	7.246	7.402	7.183	7.045	7.304
org.apache.hadoop.hdfs.TestLargeBlock	7.352	7.312	7.235	7.364	7.226
org.apache.hadoop.hdfs.tools.TestDebugAdmin	7.268	7.178	7.13	7.138	7.204
org.apache.hadoop.hdfs.server.namenode.TestFileLimit	6.938	7.145	6.968	7.113	6.996
org.apache.hadoop.security.TestPermission	8.364	7.136	7.182	7.328	6.965
org.apache.hadoop.hdfs.server.blockmanagement.TestHeartbeatHandling	7.017	7.028	7.016	7.002	6.937
org.apache.hadoop.hdfs.TestDFSClientSocketSize	6.999	6.909	6.916	6.826	6.866
org.apache.hadoop.hdfs.tools.TestDFSHAAdminMiniCluster	6.793	6.914	6.799	6.785	6.79
org.apache.hadoop.hdfs.server.namenode.TestNameNodeRetryCacheMetrics	6.723	6.744	6.72	6.812	6.624
org.apache.hadoop.fs.viewfs.TestViewFileSystemWithTruncate	6.496	6.604	6.636	6.749	6.588
org.apache.hadoop.hdfs.server.namenode.snapshot.TestSetQuotaWithSnapshot	6.219	6.377	6.382	6.21	6.579
org.apache.hadoop.hdfs.server.datanode.TestDnRespectsBlockReportSplitThreshold	6.686	6.575	6.634	6.604	6.552
org.apache.hadoop.hdfs.server.namenode.snapshot.TestSnapshotMetrics	6.408	6.626	6.353	6.474	6.509
org.apache.hadoop.hdfs.server.namenode.ha.TestStandbyBlockManagement	6.327	6.489	6.259	6.366	6.487
org.apache.hadoop.hdfs.server.namenode.ha.TestFailureOfSharedDir	6.338	6.382	6.432	6.419	6.377
org.apache.hadoop.hdfs.web.TestFSMainOperationsWebHdfs	6.806	7.226	6.744	8.656	6.364
org.apache.hadoop.hdfs.server.namenode.ha.TestGetGroupsWithHA	6.234	6.314	6.224	6.4	6.343
org.apache.hadoop.hdfs.server.namenode.snapshot.TestSnapshottableDirListing	6.424	6.276	6.175	6.256	6.302
org.apache.hadoop.hdfs.web.TestHftpFileSystem	5.31	5.416	6.531	5.539	6.184
org.apache.hadoop.hdfs.TestHDFSServerPorts	6.076	5.978	6.032	6.128	6.14
org.apache.hadoop.security.TestRefreshUserMappings	5.648	5.336	5.481	5.414	6.1
org.apache.hadoop.hdfs.TestSeekBug	5.95	6.246	6.176	5.978	6.027
org.apache.hadoop.hdfs.server.namenode.snapshot.TestFileContextSnapshot	6.142	6.076	5.971	6.006	6.024
org.apache.hadoop.hdfs.tools.offlineImageViewer.TestOfflineImageViewer	6.553	6.247	6.233	5.865	5.999
org.apache.hadoop.hdfs.web.TestWebHdfsTokens	6.177	6.38	6.176	6.215	5.983
org.apache.hadoop.hdfs.TestLocalDFS	5.906	5.907	6.095	5.954	5.959
org.apache.hadoop.hdfs.TestDFSMkdirs	5.966	6.081	5.761	5.906	5.919
org.apache.hadoop.hdfs.security.token.block.TestBlockToken	6.04	5.902	6.001	5.875	5.9
org.apache.hadoop.hdfs.TestBalancerBandwidth	5.754	5.743	5.82	5.784	5.864
org.apache.hadoop.hdfs.server.namenode.TestFavoredNodesEndToEnd	5.916	5.902	5.962	6.046	5.788
org.apache.hadoop.cli.TestCryptoAdminCLI	5.72	5.746	5.693	5.677	5.718
org.apache.hadoop.hdfs.TestReadWhileWriting	5.53	5.636	5.698	5.696	5.685
org.apache.hadoop.cli.TestCacheAdminCLI	5.557	5.604	5.784	5.494	5.587
org.apache.hadoop.hdfs.server.namenode.ha.TestHAAppend	5.155	11.911	5.143	5.6	5.492
org.apache.hadoop.tools.TestJMXGet	6.189	5.194	6.052	6.156	5.468
org.apache.hadoop.fs.viewfs.TestViewFsHdfs	5.073	5.364	4.824	5.408	5.37
org.apache.hadoop.hdfs.server.namenode.TestEditLogAutoroll	5.272	5.304	5.281	5.32	5.27
org.apache.hadoop.hdfs.server.namenode.TestFsckWithMultipleNameNodes	5.495	5.179	4.736	4.549	5.261
org.apache.hadoop.fs.TestWebHdfsFileContextMainOperations	5.316	5.244	5.522	5.283	5.252
org.apache.hadoop.hdfs.server.namenode.ha.TestEditLogsDuringFailover	5.371	5.225	5.257	5.286	5.248
org.apache.hadoop.hdfs.TestTrashWithEncryptionZones	5.108	5.206	5.231	5.33	5.233
org.apache.hadoop.cli.TestDeleteCLI	5.236	5.259	5.456	5.173	5.212
org.apache.hadoop.fs.TestUnbuffer	5.258	5.267	5.015	5.252	5.132
org.apache.hadoop.hdfs.TestBlocksScheduledCounter	5.079	5.074	4.944	4.958	5.132
org.apache.hadoop.hdfs.server.datanode.TestRefreshNamenodes	5.053	5.128	5.044	5.03	5.118
org.apache.hadoop.TestRefreshCallQueue	4.54	4.57	4.548	5.426	5.04
org.apache.hadoop.hdfs.server.datanode.TestTriggerBlockReport	4.709	4.548	4.776	4.633	4.932
org.apache.hadoop.cli.TestXAttrCLI	4.898	4.837	4.962	4.893	4.923
org.apache.hadoop.hdfs.server.namenode.TestStreamFile	4.502	4.511	4.593	4.504	4.901
org.apache.hadoop.hdfs.TestEncryptionZonesWithHA	4.398	4.396	4.927	4.876	4.898
org.apache.hadoop.hdfs.tools.TestGetGroups	4.738	4.83	4.672	4.692	4.826
org.apache.hadoop.fs.viewfs.TestViewFsAtHdfsRoot	4.762	5.117	5.432	5.207	4.752
org.apache.hadoop.fs.contract.hdfs.TestHDFSContractSeek	4.825	4.841	4.482	4.823	4.733
org.apache.hadoop.hdfs.server.namenode.metrics.TestNNMetricFilesInGetListingOps	4.344	4.462	3.679	4.237	4.698
org.apache.hadoop.hdfs.server.blockmanagement.TestSequentialBlockId	4.9	5.034	5.004	4.975	4.688
org.apache.hadoop.hdfs.TestDataTransferProtocol	4.684	4.592	4.736	4.904	4.68
org.apache.hadoop.hdfs.server.namenode.snapshot.TestSnapshotFileLength	4.711	4.688	4.626	4.664	4.608
org.apache.hadoop.hdfs.server.namenode.TestNNThroughputBenchmark	4.628	4.614	4.624	4.64	4.596
org.apache.hadoop.hdfs.TestRead	4.562	4.518	4.528	4.518	4.566
org.apache.hadoop.hdfs.tools.TestStoragePolicyCommands	4.581	4.53	4.552	4.444	4.53
org.apache.hadoop.security.TestPermissionSymlinks	4.28	4.981	4.227	4.354	4.506
org.apache.hadoop.hdfs.TestFetchImage	4.664	4.322	4.43	4.41	4.503
org.apache.hadoop.hdfs.client.impl.TestBlockReaderLocalLegacy	4.7	4.547	4.54	4.621	4.436
org.apache.hadoop.hdfs.server.namenode.snapshot.TestSnapshotNameWithInvalidCharacters	4.554	4.592	4.522	4.762	4.43
org.apache.hadoop.hdfs.server.namenode.TestMetadataVersionOutput	4.39	4.336	4.353	4.383	4.412
org.apache.hadoop.tracing.TestTracing	3.839	5.344	4.783	3.7	4.324
org.apache.hadoop.hdfs.server.datanode.TestDataNodeFSDataSetSink	4.316	4.316	4.317	4.315	4.32
org.apache.hadoop.hdfs.server.datanode.TestDatanodeProtocolRetryPolicy	4.306	4.312	4.244	4.312	4.303
org.apache.hadoop.hdfs.TestExternalBlockReader	4.279	4.31	4.813	4.614	4.225
org.apache.hadoop.hdfs.server.namenode.snapshot.TestCheckpointsWithSnapshots	4.277	4.254	4.436	4.245	4.218
org.apache.hadoop.hdfs.TestSmallBlock	4.174	4.208	4.395	4.341	4.06
org.apache.hadoop.hdfs.TestDatanodeStartupFixesLegacyStorageIDs	4.828	4.616	3.954	4.437	4.0
org.apache.hadoop.hdfs.TestDatanodeLayoutUpgrade	3.953	4.055	3.946	4.371	3.988
org.apache.hadoop.hdfs.web.TestHttpsFileSystem	3.9	3.856	4.087	3.928	3.969
org.apache.hadoop.hdfs.TestBlockMissingException	3.964	3.668	3.851	3.949	3.962
org.apache.hadoop.hdfs.server.namenode.TestSnapshotPathINodes	3.927	4.054	3.856	4.148	3.95
org.apache.hadoop.fs.viewfs.TestViewFileSystemWithAcls	3.802	3.929	3.861	3.772	3.93
org.apache.hadoop.hdfs.server.namenode.TestNameNodeResourceChecker	3.881	3.968	3.944	3.922	3.92
org.apache.hadoop.hdfs.server.namenode.TestINodeAttributeProvider	3.942	3.829	3.988	3.824	3.907
org.apache.hadoop.fs.viewfs.TestViewFileSystemWithXAttrs	3.894	3.967	3.793	3.79	3.864
org.apache.hadoop.hdfs.server.namenode.snapshot.TestGetContentSummaryWithSnapshot	3.783	3.672	3.768	3.834	3.863
org.apache.hadoop.hdfs.TestHDFSTrash	3.779	4.368	4.159	3.934	3.861
org.apache.hadoop.fs.viewfs.TestViewFsWithAcls	3.806	3.649	3.774	3.684	3.85
org.apache.hadoop.hdfs.security.TestDelegationTokenForProxyUser	3.872	3.52	3.578	3.463	3.849
org.apache.hadoop.fs.contract.hdfs.TestHDFSContractGetFileStatus	3.729	3.837	3.88	3.716	3.822
org.apache.hadoop.hdfs.server.datanode.TestTransferRbw	3.818	4.027	3.912	3.918	3.822
org.apache.hadoop.hdfs.server.blockmanagement.TestReplicationPolicyWithUpgradeDomain	3.684	3.834	3.89	3.745	3.819
org.apache.hadoop.fs.contract.hdfs.TestHDFSContractCreate	3.64	3.62	3.605	3.668	3.792
org.apache.hadoop.fs.viewfs.TestViewFsWithXAttrs	3.782	3.78	3.977	3.774	3.786
org.apache.hadoop.fs.contract.hdfs.TestHDFSContractRename	3.78	3.658	3.791	3.674	3.681
org.apache.hadoop.hdfs.TestDFSAddressConfig	3.718	3.716	3.694	3.698	3.667
org.apache.hadoop.hdfs.TestPipelines	3.812	3.781	3.856	3.63	3.646
org.apache.hadoop.fs.contract.hdfs.TestHDFSContractAppend	3.643	3.6	3.464	3.644	3.615
org.apache.hadoop.fs.TestFcHdfsSetUMask	3.368	3.323	3.514	3.439	3.615
org.apache.hadoop.hdfs.server.datanode.TestDataNodeMetricsLogger	3.732	3.64	3.634	3.654	3.601
org.apache.hadoop.fs.contract.hdfs.TestHDFSContractOpen	3.519	3.568	3.546	3.548	3.573
org.apache.hadoop.fs.contract.hdfs.TestHDFSContractMkdir	3.615	3.588	3.633	3.498	3.571
org.apache.hadoop.hdfs.qjournal.server.TestJournal	3.544	3.535	3.498	3.67	3.56
org.apache.hadoop.fs.contract.hdfs.TestHDFSContractConcat	3.55	3.592	3.645	3.568	3.554
org.apache.hadoop.hdfs.server.datanode.web.TestDatanodeHttpXFrame	3.682	3.428	3.446	3.597	3.545
org.apache.hadoop.hdfs.tools.offlineImageViewer.TestOfflineImageViewerForContentSummary	3.5	3.444	3.595	3.506	3.537
org.apache.hadoop.fs.contract.hdfs.TestHDFSContractDelete	3.542	3.442	3.534	3.595	3.49
org.apache.hadoop.fs.TestFcHdfsPermission	3.384	3.346	3.312	3.245	3.471
org.apache.hadoop.hdfs.server.namenode.ha.TestXAttrsWithHA	3.93	3.394	2.948	2.923	3.47
org.apache.hadoop.hdfs.tools.offlineImageViewer.TestOfflineImageViewerForAcl	3.795	3.64	3.711	3.464	3.448
org.apache.hadoop.hdfs.TestWriteConfigurationToDFS	3.513	3.43	3.162	3.776	3.44
org.apache.hadoop.fs.TestUrlStreamHandler	3.45	3.526	3.513	3.441	3.439
org.apache.hadoop.cli.TestAclCLI	3.502	3.494	3.437	3.41	3.43
org.apache.hadoop.hdfs.TestExtendedAcls	3.316	3.343	3.455	3.262	3.423
org.apache.hadoop.fs.TestFcHdfsCreateMkdir	3.457	3.22	3.316	3.333	3.332
org.apache.hadoop.hdfs.server.datanode.fsdataset.TestAvailableSpaceVolumeChoosingPolicy	3.32	3.408	3.362	3.338	3.326
org.apache.hadoop.hdfs.TestDatanodeConfig	3.248	3.168	3.276	3.138	3.299
org.apache.hadoop.hdfs.server.namenode.ha.TestHarFileSystemWithHA	3.21	3.237	3.238	3.224	3.28
org.apache.hadoop.hdfs.server.namenode.snapshot.TestSnapshotListing	3.402	3.392	3.328	3.308	3.273
org.apache.hadoop.hdfs.server.datanode.TestDataStorage	3.215	3.274	3.358	3.218	3.243
org.apache.hadoop.hdfs.TestListPathServlet	3.389	3.2	3.144	3.247	3.191
org.apache.hadoop.hdfs.client.impl.TestClientBlockVerification	3.344	3.25	3.3	3.179	3.19
org.apache.hadoop.hdfs.server.datanode.TestDataNodeUUID	3.257	3.255	3.184	3.313	3.178
org.apache.hadoop.hdfs.TestDisableConnCache	3.077	3.102	3.082	3.13	3.158
org.apache.hadoop.hdfs.TestListFilesInDFS	3.11	3.104	3.324	3.138	3.138
org.apache.hadoop.hdfs.client.impl.TestBlockReaderRemote	3.168	3.111	3.085	3.151	3.124
org.apache.hadoop.hdfs.server.datanode.TestBlockHasMultipleReplicasOnSameDN	3.052	3.097	3.012	3.024	3.096
org.apache.hadoop.hdfs.TestListFilesInFileContext	3.086	3.426	3.146	3.034	3.088
org.apache.hadoop.fs.contract.hdfs.TestHDFSContractRootDirectory	3.034	2.94	3.061	3.036	3.082
org.apache.hadoop.fs.shell.TestHdfsTextCommand	2.976	3.004	3.098	2.904	3.078
org.apache.hadoop.hdfs.client.impl.TestBlockReaderRemote2	3.066	3.064	3.146	3.15	3.04
org.apache.hadoop.hdfs.TestFsShellPermission	2.92	2.968	2.986	3.056	3.017
org.apache.hadoop.fs.contract.hdfs.TestHDFSContractSetTimes	3.04	3.026	2.884	3.022	3.008
org.apache.hadoop.hdfs.server.datanode.TestDataNodeTransferSocketSize	2.948	2.986	3.044	3.006	2.998
org.apache.hadoop.hdfs.web.TestWebHdfsWithAuthenticationFilter	3.032	3.214	3.064	3.06	2.987
org.apache.hadoop.hdfs.server.namenode.ha.TestNNHealthCheck	2.992	3.05	3.038	2.974	2.982
org.apache.hadoop.hdfs.tools.offlineImageViewer.TestOfflineImageViewerForXAttr	2.958	3.001	3.024	3.066	2.963
org.apache.hadoop.hdfs.TestFSInputChecker	2.652	3.04	2.736	2.931	2.96
org.apache.hadoop.hdfs.TestClose	2.936	2.952	2.919	3.026	2.915
org.apache.hadoop.hdfs.TestFileStatus	2.738	2.668	2.65	2.87	2.872
org.apache.hadoop.fs.TestGlobPaths	2.914	2.886	2.971	2.869	2.816
org.apache.hadoop.hdfs.server.blockmanagement.TestReplicationPolicyConsiderLoad	2.9	3.04	2.808	2.826	2.789
org.apache.hadoop.fs.TestSymlinkHdfsDisable	2.724	2.732	2.769	2.719	2.767
org.apache.hadoop.hdfs.server.namenode.TestCreateEditsLog	2.79	2.626	2.757	2.752	2.758
org.apache.hadoop.hdfs.TestConnCache	2.839	2.65	2.664	2.644	2.742
org.apache.hadoop.hdfs.server.datanode.TestStorageReport	2.722	2.747	2.709	2.692	2.74
org.apache.hadoop.hdfs.server.namenode.TestAllowFormat	2.624	2.651	2.63	2.732	2.689
org.apache.hadoop.hdfs.server.namenode.TestCommitBlockWithInvalidGenStamp	2.716	2.561	2.59	2.671	2.666
org.apache.hadoop.hdfs.TestDFSShellGenericOptions	2.656	2.708	2.588	2.66	2.656
org.apache.hadoop.hdfs.server.namenode.ha.TestHAFsck	2.633	2.604	2.558	2.65	2.654
org.apache.hadoop.hdfs.server.datanode.TestDataNodeECN	2.605	2.511	2.639	2.564	2.641
org.apache.hadoop.hdfs.TestMissingBlocksAlert	2.59	2.752	2.618	2.596	2.628
org.apache.hadoop.hdfs.server.namenode.TestMalformedURLs	2.528	2.616	2.702	2.554	2.624
org.apache.hadoop.hdfs.TestIsMethodSupported	2.541	2.65	2.616	2.612	2.624
org.apache.hadoop.hdfs.server.namenode.TestNNStorageRetentionFunctional	2.623	2.569	2.633	2.669	2.621
org.apache.hadoop.hdfs.server.namenode.TestNameNodeRpcServer	2.59	2.564	2.662	2.562	2.612
org.apache.hadoop.TestGenericRefresh	2.688	2.741	2.715	2.742	2.612
org.apache.hadoop.hdfs.server.namenode.TestNameNodeRpcServerMethods	2.604	2.638	2.61	2.566	2.602
org.apache.hadoop.hdfs.server.namenode.snapshot.TestSnapshotStatsMXBean	2.63	2.602	2.674	2.625	2.592
org.apache.hadoop.hdfs.server.namenode.snapshot.TestDisallowModifyROSnapshot	2.55	2.732	2.59	2.579	2.582
org.apache.hadoop.hdfs.server.namenode.TestClusterId	2.42	2.436	2.479	2.405	2.564
org.apache.hadoop.fs.TestResolveHdfsSymlink	2.67	2.69	2.577	2.606	2.55
org.apache.hadoop.fs.viewfs.TestViewFsFileStatusHdfs	2.514	2.53	2.566	2.544	2.529
org.apache.hadoop.hdfs.server.blockmanagement.TestDatanodeManager	2.501	2.481	2.651	2.598	2.528
org.apache.hadoop.hdfs.TestWriteBlockGetsBlockLengthHint	2.474	2.498	2.388	2.549	2.488
org.apache.hadoop.hdfs.server.namenode.TestFileJournalManager	2.352	2.31	2.265	2.374	2.452
org.apache.hadoop.hdfs.server.namenode.ha.TestLossyRetryInvocationHandler	2.345	2.346	2.345	2.352	2.349
org.apache.hadoop.hdfs.server.namenode.ha.TestStateTransitionFailure	2.282	2.312	2.358	2.362	2.348
org.apache.hadoop.hdfs.server.namenode.TestValidateConfigurationSettings	2.364	2.338	2.316	2.316	2.331
org.apache.hadoop.hdfs.qjournal.client.TestQuorumCall	2.131	2.118	2.122	2.125	2.12
org.apache.hadoop.tools.TestDelegationTokenFetcher	2.109	2.07	2.026	2.109	2.08
org.apache.hadoop.hdfs.server.datanode.TestDataNodeInitStorage	2.014	2.07	2.062	2.042	2.052
org.apache.hadoop.hdfs.server.namenode.TestGenericJournalConf	2.108	2.047	2.07	2.019	2.034
org.apache.hadoop.hdfs.server.namenode.TestSecondaryWebUi	2.021	2.039	1.974	2.004	2.025
org.apache.hadoop.hdfs.server.namenode.TestNameNodeMetricsLogger	1.791	1.79	1.788	1.792	1.792
org.apache.hadoop.hdfs.server.datanode.TestSimulatedFSDataset	1.768	1.768	1.8	1.688	1.755
org.apache.hadoop.hdfs.server.blockmanagement.TestAvailableSpaceBlockPlacementPolicy	1.6	1.595	1.654	1.6	1.62
org.apache.hadoop.hdfs.TestDFSUtil	1.566	1.52	1.511	1.524	1.52
org.apache.hadoop.hdfs.qjournal.TestMiniJournalCluster	1.406	1.458	1.453	1.457	1.461
org.apache.hadoop.hdfs.server.namenode.TestFSNamesystem	1.15	1.196	1.252	1.166	1.212
org.apache.hadoop.hdfs.qjournal.server.TestJournalNodeMXBean	1.192	1.218	1.219	1.234	1.193
org.apache.hadoop.hdfs.server.namenode.TestNameNodeHttpServer	1.146	1.076	1.088	1.017	1.15
org.apache.hadoop.hdfs.util.TestDiff	1.022	1.0	1.027	1.05	1.023
org.apache.hadoop.hdfs.shortcircuit.TestShortCircuitCache	0.781	0.785	0.784	0.784	0.79
org.apache.hadoop.hdfs.server.namenode.TestNameNodeHttpServerXFrame	0.795	0.786	0.826	0.798	0.784
org.apache.hadoop.hdfs.web.TestWebHdfsTimeouts	0.733	0.754	0.741	0.756	0.742
org.apache.hadoop.hdfs.server.namenode.TestCommitBlockSynchronization	0.686	0.686	0.684	0.683	0.687
org.apache.hadoop.hdfs.server.namenode.TestFsLimits	0.671	0.672	0.668	0.669	0.674
org.apache.hadoop.hdfs.web.TestWebHdfsUrl	0.663	0.666	0.664	0.665	0.667
org.apache.hadoop.hdfs.security.TestClientProtocolWithDelegationToken	0.635	0.642	0.643	0.633	0.641
org.apache.hadoop.hdfs.server.namenode.TestGetBlockLocations	0.65	0.641	0.638	0.643	0.639
org.apache.hadoop.hdfs.tools.TestDFSHAAdmin	0.668	0.626	0.628	0.619	0.634
org.apache.hadoop.hdfs.server.namenode.TestFSPermissionChecker	0.604	0.605	0.604	0.602	0.604
org.apache.hadoop.tools.TestDelegationTokenRemoteFetcher	0.566	0.571	0.568	0.569	0.569
org.apache.hadoop.tools.TestTools	0.536	0.534	0.536	0.538	0.53
org.apache.hadoop.hdfs.qjournal.client.TestQuorumJournalManagerUnit	0.5	0.504	0.494	0.498	0.498
org.apache.hadoop.hdfs.tools.TestGetConf	0.491	0.492	0.492	0.49	0.492
org.apache.hadoop.hdfs.server.common.TestJspHelper	0.493	0.494	0.492	0.488	0.488
org.apache.hadoop.hdfs.web.TestHttpFSPorts	0.472	0.473	0.466	0.467	0.469
org.apache.hadoop.hdfs.server.namenode.TestEditLogFileInputStream	0.438	0.436	0.44	0.436	0.438
org.apache.hadoop.hdfs.server.namenode.ha.TestHAConfiguration	0.508	0.448	0.451	0.459	0.437
org.apache.hadoop.hdfs.web.TestHftpDelegationToken	0.426	0.43	0.432	0.428	0.432
org.apache.hadoop.hdfs.server.datanode.fsdataset.impl.TestFsVolumeList	0.426	0.427	0.429	0.425	0.427
org.apache.hadoop.hdfs.server.datanode.TestBlockPoolManager	0.421	0.422	0.422	0.424	0.424
org.apache.hadoop.hdfs.server.blockmanagement.TestHostFileManager	0.401	0.396	0.402	0.398	0.4
org.apache.hadoop.hdfs.server.namenode.TestNNStorageRetentionManager	0.385	0.383	0.386	0.388	0.386
org.apache.hadoop.hdfs.server.datanode.TestDataXceiverLazyPersistHint	0.388	0.384	0.387	0.384	0.385
org.apache.hadoop.hdfs.server.namenode.TestGetImageServlet	0.368	0.367	0.366	0.368	0.372
org.apache.hadoop.hdfs.protocol.TestBlockListAsLongs	0.366	0.364	0.36	0.366	0.364
org.apache.hadoop.hdfs.qjournal.client.TestIPCLoggerChannel	0.364	0.361	0.36	0.359	0.358
org.apache.hadoop.hdfs.server.namenode.TestAuditLogAtDebug	0.344	0.347	0.345	0.344	0.346
org.apache.hadoop.hdfs.server.namenode.TestFSNamesystemLock	0.323	0.328	0.322	0.324	0.325
org.apache.hadoop.hdfs.server.datanode.TestDataDirs	0.304	0.302	0.306	0.304	0.307
org.apache.hadoop.hdfs.server.balancer.TestKeyManager	0.3	0.299	0.3	0.303	0.302
org.apache.hadoop.hdfs.server.namenode.TestStartupOptionUpgrade	0.304	0.302	0.298	0.3	0.301
org.apache.hadoop.hdfs.web.resources.TestParam	0.298	0.298	0.3	0.297	0.298
org.apache.hadoop.hdfs.server.namenode.TestEditLogFileOutputStream	0.292	0.292	0.29	0.291	0.292
org.apache.hadoop.hdfs.server.namenode.metrics.TestTopMetrics	0.294	0.292	0.29	0.291	0.288
org.apache.hadoop.hdfs.server.namenode.TestEncryptionZoneManager	0.286	0.284	0.285	0.283	0.288
org.apache.hadoop.hdfs.server.namenode.startupprogress.TestStartupProgress	0.27	0.267	0.27	0.27	0.265
org.apache.hadoop.hdfs.web.TestAuthFilter	0.264	0.265	0.263	0.264	0.264
org.apache.hadoop.hdfs.protocolPB.TestPBHelper	0.238	0.24	0.239	0.24	0.241
org.apache.hadoop.hdfs.server.datanode.TestDatanodeRegister	0.236	0.234	0.234	0.234	0.234
org.apache.hadoop.hdfs.web.TestJsonUtil	0.23	0.236	0.232	0.233	0.233
org.apache.hadoop.tools.TestHdfsConfigFields	0.232	0.229	0.23	0.232	0.23
org.apache.hadoop.hdfs.server.datanode.web.webhdfs.TestParameterParser	0.222	0.222	0.22	0.22	0.224
org.apache.hadoop.hdfs.server.namenode.snapshot.TestFileWithSnapshotFeature	0.22	0.222	0.222	0.218	0.218
org.apache.hadoop.hdfs.server.namenode.snapshot.TestSnapshotManager	0.214	0.212	0.213	0.214	0.214
org.apache.hadoop.hdfs.TestHttpPolicy	0.206	0.2	0.202	0.204	0.202
org.apache.hadoop.hdfs.server.datanode.TestDatanodeStartupOptions	0.199	0.198	0.2	0.198	0.198
org.apache.hadoop.hdfs.util.TestMD5FileUtils	0.194	0.208	0.29	0.203	0.195
org.apache.hadoop.hdfs.server.namenode.TestStartupProgressServlet	0.194	0.192	0.194	0.196	0.194
org.apache.hadoop.hdfs.util.TestAtomicFileOutputStream	0.194	0.214	0.218	0.207	0.19
org.apache.hadoop.hdfs.TestKeyProviderCache	0.184	0.186	0.184	0.186	0.184
org.apache.hadoop.hdfs.TestDeprecatedKeys	0.178	0.178	0.176	0.182	0.178
org.apache.hadoop.hdfs.server.namenode.top.window.TestRollingWindowManager	0.17	0.17	0.17	0.17	0.171
org.apache.hadoop.hdfs.server.namenode.TestFSDirAttrOp	0.168	0.168	0.17	0.169	0.171
org.apache.hadoop.hdfs.server.namenode.startupprogress.TestStartupProgressMetrics	0.162	0.164	0.162	0.161	0.162
org.apache.hadoop.hdfs.util.TestCombinedHostsFileReader	0.158	0.158	0.157	0.16	0.161
org.apache.hadoop.hdfs.server.datanode.TestBpServiceActorScheduler	0.16	0.158	0.16	0.16	0.16
org.apache.hadoop.hdfs.server.blockmanagement.TestBlockInfo	0.153	0.149	0.151	0.148	0.152
org.apache.hadoop.hdfs.protocol.datatransfer.TestPacketReceiver	0.148	0.148	0.146	0.148	0.15
org.apache.hadoop.hdfs.server.blockmanagement.TestCorruptReplicaInfo	0.144	0.144	0.142	0.145	0.144
org.apache.hadoop.hdfs.server.namenode.TestFSImageStorageInspector	0.142	0.143	0.142	0.142	0.143
org.apache.hadoop.hdfs.server.blockmanagement.TestBlockUnderConstructionFeature	0.142	0.144	0.142	0.142	0.141
org.apache.hadoop.hdfs.server.namenode.TestEditsDoubleBuffer	0.138	0.14	0.138	0.138	0.138
org.apache.hadoop.hdfs.server.namenode.TestAclTransformation	0.136	0.134	0.134	0.134	0.134
org.apache.hadoop.fs.TestEnhancedByteBufferAccess	0.13	0.129	0.13	0.129	0.132
org.apache.hadoop.hdfs.server.namenode.TestTruncateQuotaUpdate	0.13	0.132	0.13	0.131	0.13
org.apache.hadoop.hdfs.server.namenode.TestNameNodeOptionParsing	0.126	0.126	0.126	0.125	0.127
org.apache.hadoop.hdfs.server.datanode.fsdataset.TestRoundRobinVolumeChoosingPolicy	0.124	0.124	0.124	0.124	0.122
org.apache.hadoop.hdfs.TestInstrumentedLock	0.122	0.122	0.122	0.12	0.121
org.apache.hadoop.hdfs.server.blockmanagement.TestUnderReplicatedBlockQueues	0.112	0.114	0.113	0.116	0.113
org.apache.hadoop.hdfs.server.namenode.TestNameNodeResourcePolicy	0.107	0.106	0.106	0.106	0.106
org.apache.hadoop.hdfs.server.namenode.TestXAttrFeature	0.104	0.102	0.104	0.102	0.104
org.apache.hadoop.hdfs.server.blockmanagement.TestPendingDataNodeMessages	0.1	0.1	0.1	0.098	0.098
org.apache.hadoop.hdfs.server.blockmanagement.TestDatanodeDescriptor	0.099	0.099	0.098	0.097	0.098
org.apache.hadoop.hdfs.server.blockmanagement.TestCachedBlocksList	0.096	0.093	0.094	0.094	0.094
org.apache.hadoop.fs.TestVolumeId	0.095	0.096	0.097	0.099	0.094
org.apache.hadoop.hdfs.server.blockmanagement.TestHost2NodesMap	0.096	0.094	0.095	0.096	0.094
org.apache.hadoop.hdfs.protocol.TestLayoutVersion	0.095	0.093	0.092	0.094	0.093
org.apache.hadoop.hdfs.qjournal.client.TestSegmentRecoveryComparator	0.092	0.094	0.093	0.092	0.092
org.apache.hadoop.hdfs.util.TestBestEffortLongFile	0.09	0.091	0.094	0.092	0.092
org.apache.hadoop.hdfs.server.datanode.TestBlockPoolSliceStorage	0.09	0.09	0.09	0.088	0.09
org.apache.hadoop.hdfs.server.blockmanagement.TestBlockPlacementStatusWithUpgradeDomain	0.086	0.085	0.086	0.087	0.086
org.apache.hadoop.hdfs.protocol.TestLocatedBlock	0.085	0.086	0.085	0.086	0.085
org.apache.hadoop.hdfs.util.TestLightWeightLinkedSet	0.078	0.079	0.078	0.078	0.08
org.apache.hadoop.hdfs.TestHDFSPolicyProvider	0.078	0.076	0.078	0.077	0.077
org.apache.hadoop.hdfs.util.TestLightWeightHashSet	0.075	0.074	0.074	0.076	0.075
org.apache.hadoop.hdfs.server.namenode.TestPathComponents	0.072	0.073	0.072	0.074	0.072
org.apache.hadoop.hdfs.server.common.TestGetUriFromString	0.07	0.068	0.07	0.069	0.07
org.apache.hadoop.hdfs.server.namenode.TestStoragePolicySummary	0.07	0.068	0.066	0.069	0.067
org.apache.hadoop.hdfs.server.namenode.TestNameCache	0.067	0.066	0.066	0.066	0.066
org.apache.hadoop.hdfs.server.namenode.top.window.TestRollingWindow	0.06	0.062	0.061	0.062	0.064
org.apache.hadoop.hdfs.protocol.TestAnnotations	0.048	0.046	0.048	0.048	0.048
org.apache.hadoop.hdfs.server.datanode.extdataset.TestExternalDataset	0.044	0.044	0.046	0.046	0.044
org.apache.hadoop.hdfs.server.datanode.fsdataset.impl.TestReplicaMap	0.032	0.032	0.031	0.032	0.032
org.apache.hadoop.hdfs.server.namenode.TestDeduplicationMap	0.03	0.03	0.03	0.03	0.03
org.apache.hadoop.hdfs.util.TestXMLUtils	0.03	0.03	0.029	0.03	0.029
org.apache.hadoop.hdfs.TestDFSConfigKeys	0.028	0.028	0.028	0.027	0.028
org.apache.hadoop.hdfs.util.TestCyclicIteration	0.03	0.03	0.028	0.028	0.028
org.apache.hadoop.hdfs.server.datanode.TestHdfsServerConstants	0.029	0.03	0.028	0.029	0.028
