alluxio.master.ZkMasterInquireClientTest	35.243	35.635	34.559	36.444	37.495
alluxio.collections.IndexedSetConcurrencyTest	24.06	23.85	25.863	23.982	25.025
alluxio.master.file.PersistenceTest	13.466	13.544	14.492	13.527	13.554
alluxio.master.file.replication.ReplicationCheckerTest	11.618	12.607	11.627	11.776	11.709
alluxio.master.file.FileSystemMasterTest	11.8	11.933	11.889	11.961	11.647
alluxio.client.block.stream.GrpcDataWriterTest	9.171	8.039	8.534	7.854	9.341
alluxio.resource.DynamicResourcePoolTest	8.218	8.225	8.231	8.226	8.227
alluxio.client.file.FileInStreamTest	6.788	6.294	6.711	6.26	6.301
alluxio.hadoop.AbstractFileSystemTest	6.396	6.323	6.476	6.527	6.138
alluxio.worker.block.TieredBlockStoreTest	5.625	5.535	5.475	5.583	5.63
alluxio.client.file.FileOutStreamTest	5.129	5.492	5.791	5.108	5.352
alluxio.master.file.AccessTimeUpdaterTest	5.324	5.248	2.403	5.351	5.246
alluxio.concurrent.CountingLatchTest	5.149	5.15	5.156	5.163	5.156
alluxio.resource.ResourcePoolTest	5.141	5.143	5.15	5.142	5.144
alluxio.client.block.stream.UfsFallbackLocalFileDataWriterTest	4.924	3.618	4.101	3.848	4.539
alluxio.client.block.stream.GrpcBlockingStreamTest	4.308	4.21	4.138	4.151	4.152
alluxio.worker.block.BlockLockManagerTest	3.749	3.631	2.813	2.989	3.772
alluxio.master.journal.sink.JournalSinkTest	3.609	3.5	3.644	3.543	3.431
alluxio.client.block.AlluxioBlockStoreTest	3.233	3.034	3.102	3.285	3.302
alluxio.master.AlluxioMasterProcessTest	3.366	3.329	3.351	3.284	3.289
alluxio.client.block.stream.LocalFileDataWriterTest	3.096	3.359	3.456	3.359	3.246
alluxio.client.block.stream.GrpcDataReaderTest	3.21	3.267	3.012	3.172	3.193
alluxio.client.file.BaseFileSystemTest	2.984	3.179	3.319	3.333	3.193
alluxio.worker.block.BlockWorkerTest	3.162	3.264	3.138	3.102	3.129
alluxio.master.metastore.InodeStoreTest	3.062	3.211	2.996	3.188	3.125
alluxio.master.file.PermissionCheckTest	2.543	2.569	2.81	2.659	2.651
alluxio.master.metastore.caching.CachingInodeStoreMockedBackingStoreTest	2.245	2.35	2.354	2.383	2.347
alluxio.util.CommonUtilsTest	2.254	2.262	2.413	2.394	2.265
alluxio.worker.file.FileWorkerMasterSyncExecutorTest	2.15	2.249	2.133	1.88	2.175
alluxio.master.meta.AlluxioMasterRestServiceHandlerTest	2.196	2.257	2.16	2.257	2.123
alluxio.hadoop.AbstractFileSystemApiTest	1.869	1.873	2.005	1.919	1.949
alluxio.client.block.stream.BlockInStreamTest	2.418	2.058	2.002	1.931	1.948
alluxio.master.journal.ufs.UfsJournalCheckpointThreadTest	1.776	1.76	1.766	1.782	1.885
alluxio.util.executor.ControllableSchedulerTest	1.662	0.367	2.601	2.039	1.833
alluxio.time.ExponentialTimerTest	1.815	1.835	1.826	1.786	1.826
alluxio.worker.file.UnderFileSystemUtilsTest	1.775	1.77	1.725	1.616	1.801
alluxio.wire.AlluxioMasterInfoTest	1.776	1.864	1.733	1.609	1.654
alluxio.wire.AlluxioWorkerInfoTest	1.586	1.631	1.557	1.591	1.647
alluxio.client.block.BlockMasterClientPoolTest	1.548	1.536	1.443	1.551	1.642
alluxio.test.util.CommonTestUtilsTest	1.554	1.558	1.576	1.669	1.625
alluxio.worker.grpc.BlockReadHandlerTest	1.664	1.643	1.69	1.725	1.622
alluxio.worker.block.UfsInputStreamManagerTest	1.547	1.578	1.569	1.578	1.606
alluxio.security.authentication.GrpcSecurityTest	1.562	1.584	1.623	1.618	1.597
alluxio.wire.CapacityTest	1.657	1.461	1.494	1.334	1.472
alluxio.wire.AlluxioProxyInfoTest	1.388	1.526	1.338	1.272	1.403
alluxio.util.io.BufferUtilsTest	1.36	1.406	1.379	1.354	1.398
alluxio.client.block.util.BlockLocationUtilsTest	1.414	1.382	1.42	1.295	1.369
alluxio.client.file.FileSystemMasterClientPoolTest	1.214	1.373	1.354	1.434	1.356
alluxio.heartbeat.HeartbeatThreadTest	1.374	1.373	1.055	1.433	1.341
alluxio.master.journal.raft.transport.CopycatGrpcTransportTest	1.291	1.233	1.268	1.342	1.296
alluxio.security.group.ShellBasedUnixGroupsMappingTest	1.217	1.213	1.295	1.278	1.275
alluxio.worker.grpc.UfsFallbackBlockWriteHandlerTest	1.29	1.304	1.263	1.319	1.27
alluxio.master.journal.ufs.UfsJournalReaderTest	1.239	1.216	1.297	1.223	1.267
alluxio.client.file.FileSystemContextTest	1.094	1.213	1.194	1.162	1.207
alluxio.client.file.FileSystemFactoryTest	0.898	1.093	1.158	1.194	1.182
alluxio.master.file.meta.InodeTreeTest	1.182	1.17	1.323	1.192	1.178
alluxio.master.file.meta.UfsSyncCachePathTest	1.13	1.136	1.153	1.131	1.138
alluxio.worker.block.BlockMetadataManagerTest	1.156	1.064	1.116	1.189	1.115
alluxio.worker.block.allocator.AllocatorContractTest	1.144	1.119	1.192	1.15	1.092
alluxio.master.journal.ufs.UfsJournalLogWriterTest	1.06	0.997	1.033	1.01	1.077
alluxio.master.block.BlockMasterTest	1.056	1.055	1.177	1.207	1.052
alluxio.worker.grpc.UfsFileWriteHandlerTest	0.986	0.996	1.031	0.994	1.004
alluxio.master.meta.UpdateCheckTest	1.022	1.052	0.991	1.089	0.987
alluxio.master.file.meta.AsyncUfsAbsentPathCacheTest	1.015	0.968	0.998	1.008	0.981
alluxio.worker.grpc.BlockWriteHandlerTest	0.953	1.013	0.991	0.971	0.976
alluxio.worker.block.UnderFileSystemBlockReaderTest	0.991	1.005	0.989	1.031	0.968
alluxio.master.file.PermissionCheckerTest	0.941	0.921	0.934	0.922	0.913
alluxio.hadoop.HadoopConfigurationUtilsTest	1.07	1.001	0.886	0.791	0.911
alluxio.worker.block.evictor.EvictorContractTest	0.929	0.858	0.948	0.924	0.906
alluxio.master.journal.AsyncJournalWriterTest	0.779	0.833	0.811	0.833	0.884
alluxio.grpc.GrpcManagedChannelPoolTest	0.922	0.968	0.937	0.945	0.874
alluxio.wire.BlockInfoTest	0.765	0.857	0.872	0.786	0.863
alluxio.master.PollingMasterInquireClientTest	0.867	0.844	0.88	0.854	0.861
alluxio.refresh.TimeoutRefreshTest	0.855	0.854	0.856	0.854	0.851
alluxio.RestUtilsTest	0.779	0.853	0.832	0.819	0.844
alluxio.master.file.meta.InodeLockManagerTest	0.811	0.804	0.828	0.805	0.839
alluxio.worker.block.SpaceReserverTest	0.83	0.956	0.851	0.799	0.829
alluxio.master.file.meta.MountTableTest	0.818	0.84	0.784	0.805	0.805
alluxio.master.journal.ufs.UfsJournalCheckpointWriterTest	0.723	0.747	0.743	0.752	0.787
alluxio.wire.FileBlockInfoTest	0.877	0.947	0.807	0.684	0.785
alluxio.master.meta.DailyMetadataBackupTest	0.731	0.801	0.766	0.748	0.775
alluxio.worker.block.BlockMetadataViewTest	0.82	0.765	0.82	0.903	0.771
alluxio.worker.block.meta.StorageDirTest	0.715	0.776	0.728	0.767	0.765
alluxio.master.metastore.rocks.RocksInodeStoreTest	0.767	0.725	0.735	0.747	0.759
alluxio.worker.file.FileDataManagerTest	0.805	0.722	0.804	0.787	0.753
alluxio.master.file.meta.InodeTreeBufferedIteratorTest	0.767	0.807	0.785	0.787	0.751
alluxio.master.file.FileSystemMasterMetricsTest	0.709	0.667	0.687	0.708	0.724
alluxio.AbstractClientTest	0.635	0.756	0.712	0.88	0.719
alluxio.worker.block.meta.StorageDirViewTest	0.764	0.748	0.799	0.722	0.715
alluxio.conf.InstancedConfigurationTest	0.74	0.719	0.734	0.737	0.713
alluxio.wire.FileInfoTest	0.704	0.72	0.673	0.686	0.709
alluxio.underfs.options.OpenOptionsTest	0.618	0.592	0.64	0.592	0.681
alluxio.client.metrics.MetricsHeartbeatContextTest	53.616	53.006	52.957	1.084	0.674
alluxio.master.block.BlockMasterMetricsTest	0.645	0.678	0.584	0.574	0.672
alluxio.master.metrics.MetricsMasterTest	0.687	0.659	0.712	0.667	0.659
alluxio.wire.TieredIdentityTest	0.69	0.641	0.68	0.699	0.656
alluxio.worker.block.BlockStoreMetaTest	0.616	0.608	0.612	0.621	0.647
alluxio.wire.WorkerInfoTest	0.623	0.654	0.634	0.654	0.624
alluxio.client.file.options.OutStreamOptionsTest	0.717	0.62	0.637	0.633	0.622
alluxio.util.FormatUtilsTest	0.606	0.559	0.55	0.552	0.614
alluxio.worker.block.ClientRWLockTest	0.502	0.535	0.485	0.58	0.614
alluxio.master.file.meta.LazyUfsBlockLocationCacheTest	0.627	0.664	0.663	0.641	0.613
alluxio.client.block.policy.DeterministicHashPolicyTest	0.727	0.594	0.596	0.627	0.608
alluxio.underfs.options.DeleteOptionsTest	0.634	0.589	0.626	0.587	0.605
alluxio.master.file.meta.LockedInodePathTest	0.591	0.581	0.616	0.611	0.603
alluxio.underfs.options.FileLocationOptionsTest	0.698	0.581	0.612	0.597	0.598
alluxio.underfs.options.ListOptionsTest	0.592	0.581	0.595	0.606	0.581
alluxio.client.block.policy.RoundRobinPolicyTest	0.642	0.53	0.572	0.525	0.578
alluxio.worker.block.BlockWorkerMetricsTest	0.627	0.614	0.59	0.58	0.578
alluxio.StreamCacheTest	0.548	0.6	0.596	0.562	0.568
alluxio.master.file.meta.TtlBucketListTest	0.563	0.576	0.649	0.563	0.566
alluxio.metrics.MetricsSystemTest	0.513	0.512	0.527	0.505	0.565
alluxio.master.journal.ufs.UfsJournalTest	0.538	0.502	0.52	0.563	0.559
alluxio.util.ConfigurationUtilsTest	0.487	0.541	0.603	0.583	0.556
alluxio.master.file.meta.SimpleInodeLockListTest	0.547	0.55	0.576	0.557	0.554
alluxio.cli.AbstractShellTest	0.532	0.534	0.562	0.55	0.546
alluxio.wire.WorkerNetAddressTest	0.51	0.571	0.533	0.561	0.537
alluxio.wire.BlockLocationTest	0.571	0.542	0.547	0.558	0.536
alluxio.worker.block.UnderFileSystemBlockStoreTest	0.553	0.544	0.548	0.54	0.535
alluxio.worker.block.evictor.LRFUEvictorTest	0.506	0.454	0.499	0.505	0.521
alluxio.StorageTierAssocTest	0.395	0.472	0.473	0.531	0.518
alluxio.worker.block.allocator.AllocatorFactoryTest	0.547	0.576	0.578	0.533	0.51
alluxio.worker.block.evictor.PartialLRUEvictorTest	0.519	0.471	0.584	0.506	0.506
alluxio.worker.block.meta.StorageTierViewTest	0.53	0.459	0.53	0.512	0.494
alluxio.master.metastore.rocks.RocksStoreTest	0.469	0.59	0.513	0.549	0.494
alluxio.worker.block.evictor.LRUEvictorTest	0.497	0.495	0.508	0.494	0.493
alluxio.worker.block.meta.BlockMetaTest	0.46	0.435	0.493	0.44	0.493
alluxio.util.FileSystemOptionsTest	0.52	0.488	0.499	0.482	0.487
alluxio.wire.BlockMasterInfoTest	0.57	0.477	0.504	0.455	0.484
alluxio.master.journal.ufs.UfsJournalSnapshotTest	0.452	0.582	0.505	0.515	0.483
alluxio.worker.block.allocator.GreedyAllocatorTest	0.468	0.504	0.501	0.47	0.47
alluxio.UnderFileSystemFactoryRegistryRuleTest	0.504	0.471	0.49	0.513	0.469
alluxio.worker.block.meta.StorageTierTest	0.463	0.46	0.5	0.469	0.468
alluxio.master.journal.JournalEntryAssociationTest	0.414	0.447	0.323	0.393	0.467
alluxio.worker.block.allocator.MaxFreeAllocatorTest	0.445	0.444	0.438	0.445	0.466
alluxio.worker.block.allocator.RoundRobinAllocatorTest	0.466	0.476	0.612	0.485	0.466
alluxio.cli.FormatTest	0.408	0.385	0.39	0.422	0.463
alluxio.client.block.stream.BlockOutStreamTest	0.535	0.386	0.386	0.482	0.46
alluxio.worker.block.evictor.EvictorFactoryTest	0.485	0.46	0.454	0.48	0.456
alluxio.master.file.meta.CompositeInodeLockListTest	0.448	0.444	0.583	0.447	0.45
alluxio.master.file.meta.options.MountInfoTest	0.45	0.443	0.449	0.447	0.449
alluxio.worker.block.meta.TempBlockMetaTest	0.459	0.456	0.45	0.463	0.447
alluxio.master.meta.PathPropertiesTest	0.43	0.501	0.43	0.444	0.445
alluxio.master.SafeModeManagerTest	0.459	0.455	0.469	0.443	0.436
alluxio.util.logging.SamplingLoggerTest	0.412	0.395	0.451	0.438	0.432
alluxio.worker.block.meta.AbstractBlockMetaTest	0.447	0.432	0.455	0.452	0.432
alluxio.util.io.FileUtilsTest	0.426	0.395	0.437	0.407	0.429
alluxio.master.journal.raft.RaftJournalConfigurationTest	0.408	0.42	0.4	0.412	0.421
alluxio.master.journal.ufs.UfsJournalFileTest	0.427	0.423	0.415	0.422	0.419
alluxio.network.TieredIdentityFactoryTest	0.421	0.415	0.434	0.426	0.41
alluxio.wire.MountPointInfoTest	0.416	0.403	0.497	0.539	0.402
alluxio.security.authorization.ModeTest	0.345	0.357	0.363	0.357	0.395
alluxio.master.file.async.DefaultAsyncPersistHandlerTest	0.385	0.389	0.474	0.42	0.393
alluxio.master.file.meta.TtlBucketTest	0.382	0.387	0.427	0.38	0.388
alluxio.client.block.policy.LocalFirstAvoidEvictionPolicyTest	0.461	0.4	0.389	0.39	0.387
alluxio.master.file.meta.MutableInodeDirectoryTest	0.396	0.391	0.385	0.405	0.387
alluxio.security.group.GroupMappingServiceTest	0.344	0.364	0.353	0.363	0.386
alluxio.master.file.meta.MutableInodeFileTest	0.401	0.386	0.428	0.384	0.386
alluxio.worker.grpc.GrpcExecutorsTest	0.387	0.361	0.403	0.442	0.385
alluxio.master.file.meta.UfsAbsentPathCacheTest	0.39	0.388	0.418	0.386	0.382
alluxio.AlluxioURITest	0.294	0.441	0.332	0.579	0.379
alluxio.util.network.NetworkAddressUtilsTest	0.403	0.37	0.435	0.414	0.378
alluxio.util.SecurityUtilsTest	0.367	0.396	0.398	0.379	0.374
alluxio.conf.AlluxioPropertiesTest	0.381	0.372	0.37	0.395	0.37
alluxio.master.meta.checkconf.ServerConfigurationCheckerTest	0.417	0.447	0.366	0.408	0.368
alluxio.client.block.policy.LocalFirstPolicyTest	0.409	0.401	0.383	0.379	0.367
alluxio.master.RegistryTest	0.36	0.35	0.395	0.376	0.365
alluxio.master.file.RpcContextTest	0.344	0.329	0.344	0.346	0.365
alluxio.security.authentication.SaslHandlersTest	0.356	0.364	0.37	0.378	0.364
alluxio.security.authentication.PlainSaslServerCallbackHandlerTest	0.348	0.352	0.359	0.358	0.36
alluxio.master.journal.ufs.UfsJournalConfTest	0.352	0.393	0.369	0.362	0.36
alluxio.security.user.UserStateTest	0.329	0.335	0.402	0.421	0.358
alluxio.client.block.policy.MostAvailableFirstPolicyTest	0.387	0.354	0.347	0.353	0.356
alluxio.underfs.UnderFileSystemConfigurationTest	0.364	0.359	0.363	0.372	0.356
alluxio.underfs.options.MkdirsOptionsTest	0.409	0.346	0.339	0.338	0.353
alluxio.master.file.FileSystemMasterOptionsTest	0.358	0.371	0.361	0.366	0.352
alluxio.AuthenticatedClientUserResourceTest	0.339	0.331	0.327	0.321	0.351
alluxio.master.MasterInquireClientTest	0.337	0.371	0.356	0.35	0.348
alluxio.ConfigurationRuleTest	0.324	0.329	0.323	0.325	0.341
alluxio.util.network.GetMasterWorkerAddressTest	0.324	0.317	0.337	0.336	0.338
alluxio.underfs.options.CreateOptionsTest	0.413	0.349	0.335	0.353	0.335
alluxio.master.AbstractPrimarySelectorTest	0.338	0.304	0.313	0.337	0.33
alluxio.underfs.UnderFileSystemTest	0.328	0.329	0.337	0.336	0.327
alluxio.master.meta.checkconf.ServerConfigurationStoreTest	0.335	0.328	0.322	0.344	0.324
alluxio.master.journal.JournalUtilsTest	0.339	0.335	0.338	0.346	0.322
alluxio.heartbeat.SleepingTimerTest	0.341	0.286	0.314	0.356	0.318
alluxio.conf.PropertyKeyTest	0.301	0.308	0.31	0.317	0.314
alluxio.AuthenticatedUserRuleTest	0.322	0.313	0.315	0.311	0.31
alluxio.network.protocol.databuffer.NioDataBufferTest	0.276	0.289	0.295	0.291	0.304
alluxio.grpc.ReadResponseMarshallerTest	0.29	0.271	0.327	0.331	0.282
alluxio.client.block.policy.options.GetWorkerOptionsTest	0.39	0.277	0.28	0.288	0.279
alluxio.master.metrics.MetricsStoreTest	0.24	0.237	0.232	0.266	0.276
alluxio.client.file.URIStatusTest	0.309	0.28	0.282	0.272	0.269
alluxio.util.TarUtilsTest	0.265	0.286	0.291	0.27	0.268
alluxio.underfs.FingerprintTest	0.281	0.261	0.265	0.259	0.265
alluxio.util.ShellUtilsTest	0.271	0.272	0.275	0.261	0.262
alluxio.master.metrics.TimeSeriesStoreTest	0.259	0.272	0.267	0.262	0.259
alluxio.collections.IndexedSetTest	0.164	0.219	0.247	0.255	0.253
alluxio.worker.block.io.LocalFileBlockWriterTest	0.246	0.243	0.249	0.284	0.25
alluxio.collections.ConcurrentIdentityHashMapTest	0.204	0.176	0.182	0.256	0.248
alluxio.retry.ExponentialTimeBoundedRetryTest	0.234	0.228	0.222	0.23	0.248
alluxio.util.ExceptionUtilsTest	0.299	0.243	0.312	0.276	0.245
alluxio.wire.InconsistentPropertyTest	0.27	0.207	0.237	0.237	0.243
alluxio.collections.LockPoolTest	0.321	0.25	0.246	0.239	0.241
alluxio.master.block.meta.MasterWorkerInfoTest	0.242	0.267	0.234	0.228	0.238
alluxio.metrics.MetricTest	0.232	0.234	0.232	0.243	0.232
alluxio.collections.DirectedAcyclicGraphTest	0.124	0.14	0.092	0.188	0.228
alluxio.uri.AuthorityTest	0.268	0.245	0.204	0.226	0.222
alluxio.retry.RetryUtilsTest	0.216	0.212	0.217	0.223	0.214
alluxio.master.PortReservationRuleTest	0.194	0.198	0.182	0.21	0.213
alluxio.hadoop.HadoopUtilsTest	0.215	0.204	0.225	0.191	0.205
alluxio.retry.TimeoutRetryTest	0.2	0.202	0.202	0.205	0.2
alluxio.metrics.MetricsConfigTest	0.146	0.188	0.152	0.15	0.195
alluxio.master.block.meta.MasterBlockInfoTest	0.189	0.19	0.186	0.194	0.194
alluxio.collections.PairTest	0.153	0.143	0.139	0.128	0.185
alluxio.worker.block.io.LocalFileBlockReaderTest	0.184	0.187	0.19	0.189	0.184
alluxio.master.file.PersistJobTest	0.192	0.192	0.21	0.201	0.178
alluxio.util.IdUtilsTest	0.165	0.167	0.164	0.167	0.168
alluxio.security.authentication.PlainSaslServerProviderTest	0.155	0.16	0.16	0.189	0.162
alluxio.security.authentication.CustomAuthenticationProviderTest	0.158	0.157	0.165	0.163	0.161
alluxio.underfs.UfsFileStatusTest	0.155	0.157	0.166	0.162	0.159
alluxio.SessionInfoTest	0.136	0.129	0.095	0.113	0.156
alluxio.conf.path.PrefixPathMatcherTest	0.16	0.155	0.156	0.16	0.155
alluxio.security.login.LoginModuleTest	0.231	0.245	0.146	0.156	0.154
alluxio.TestLoggerRuleTest	0.162	0.167	0.162	0.162	0.153
alluxio.util.UnderFileSystemUtilsTest	0.151	0.154	0.161	0.164	0.153
alluxio.util.io.PathUtilsTest	0.158	0.131	0.141	0.166	0.15
alluxio.security.authorization.AclEntryTest	0.14	0.146	0.179	0.146	0.145
alluxio.time.ManualSleeperTest	0.157	0.166	0.143	0.143	0.142
alluxio.master.journal.options.JournalReaderOptionsTest	0.128	0.106	0.115	0.12	0.14
alluxio.collections.PrefixListTest	0.181	0.142	0.155	0.176	0.138
alluxio.SystemErrRuleTest	0.124	0.131	0.127	0.127	0.138
alluxio.SystemOutRuleTest	0.129	0.135	0.188	0.138	0.134
alluxio.util.HFSUtilsTest	0.07	0.075	0.141	0.135	0.128
alluxio.cli.CommandTest	0.122	0.125	0.129	0.131	0.125
alluxio.security.authorization.ModeParserTest	0.113	0.115	0.118	0.13	0.115
alluxio.util.WaitForOptionsTest	0.109	0.105	0.108	0.127	0.11
alluxio.master.block.BlockIdTest	0.095	0.089	0.094	0.105	0.098
alluxio.security.authorization.AclActionsTest	0.077	0.08	0.079	0.081	0.098
alluxio.retry.ExponentialBackoffRetryTest	0.071	0.074	0.082	0.072	0.097
alluxio.heartbeat.HeartbeatContextTest	0.089	0.093	0.106	0.108	0.091
alluxio.worker.block.BlockStoreLocationTest	0.077	0.08	0.091	0.091	0.09
alluxio.retry.CountingRetryTest	0.069	0.071	0.091	0.07	0.089
alluxio.security.authentication.PlainSaslServerTest	0.082	0.087	0.091	0.089	0.089
alluxio.security.group.IdentityUserGroupsMappingTest	0.077	0.071	0.076	0.072	0.089
alluxio.worker.block.BlockHeartbeatReporterTest	0.094	0.107	0.091	0.097	0.089
alluxio.master.journal.raft.OnceSupplierTest	0.082	0.095	0.088	0.09	0.088
alluxio.security.authorization.AccessControlListTest	0.082	0.082	0.088	0.086	0.083
alluxio.master.block.meta.BlockContainerIdGeneratorTest	0.11	0.11	0.106	0.099	0.081
alluxio.client.block.policy.SpecificHostPolicyTest	0.094	0.074	0.078	0.077	0.08
alluxio.security.authentication.PlainSaslClientCallbackHandlerTest	0.078	0.08	0.08	0.081	0.08
alluxio.master.journal.options.JournalWriterOptionsTest	0.076	0.077	0.081	0.081	0.08
alluxio.security.authorization.ModeBitsTest	0.073	0.071	0.101	0.078	0.073
alluxio.util.io.ByteIOUtilsTest	0.071	0.078	0.083	0.08	0.073
alluxio.underfs.UfsDirectoryStatusTest	0.074	0.069	0.074	0.075	0.071
alluxio.resource.LockResourceTest	0.067	0.073	0.096	0.071	0.07
alluxio.security.UserTest	0.066	0.069	0.073	0.069	0.07
alluxio.security.authentication.SimpleAuthenticationProviderTest	0.076	0.069	0.071	0.076	0.07
alluxio.conf.SourceTest	0.064	0.066	0.095	0.072	0.068
