org.apache.hadoop.ipc.TestIPC	147.019	141.586	141.005	139.952	143.124
org.apache.hadoop.ha.TestZKFailoverControllerStress	92.543	92.645	92.731	92.798	93.858
org.apache.hadoop.io.compress.TestCodec	73.249	72.777	72.752	72.425	72.595
org.apache.hadoop.security.token.delegation.TestZKDelegationTokenSecretManager	63.021	71.182	75.18	73.109	65.03
org.apache.hadoop.util.curator.TestChildReaper	52.772	52.746	53.764	52.758	52.755
org.apache.hadoop.ha.TestZKFailoverController	40.012	41.031	42.132	41.092	40.266
org.apache.hadoop.ipc.TestRPC	32.982	32.677	32.683	32.129	32.95
org.apache.hadoop.ipc.TestAsyncIPC	31.386	31.25	32.193	30.977	31.643
org.apache.hadoop.security.token.delegation.TestDelegationToken	31.931	30.288	31.081	30.589	30.492
org.apache.hadoop.metrics2.lib.TestMutableMetrics	30.45	30.389	30.469	30.38	30.362
org.apache.hadoop.ipc.TestSaslRPC	29.831	29.542	29.754	29.775	29.592
org.apache.hadoop.util.TestDataChecksum	24.39	23.695	24.298	24.15	24.039
org.apache.hadoop.io.retry.TestFailoverProxy	15.612	12.695	15.623	14.657	16.433
org.apache.hadoop.fs.TestTrash	21.381	21.403	21.515	16.377	16.351
org.apache.hadoop.crypto.TestCryptoStreams	13.16	12.993	13.126	12.756	12.924
org.apache.hadoop.crypto.TestCryptoStreamsWithJceAesCtrCryptoCodec	13.291	12.853	12.744	12.978	12.888
org.apache.hadoop.util.bloom.TestBloomFilters	11.52	11.417	11.379	11.614	11.692
org.apache.hadoop.metrics2.impl.TestMetricsSourceAdapter	11.383	11.388	11.381	11.382	11.387
org.apache.hadoop.ipc.TestRPCCallBenchmark	10.724	10.712	10.762	10.727	10.745
org.apache.hadoop.fs.TestDU	10.354	10.37	10.387	10.343	10.366
org.apache.hadoop.ha.TestActiveStandbyElectorRealZK	10.654	9.775	11.459	10.367	9.827
org.apache.hadoop.ipc.TestProtoBufRpc	9.671	9.648	9.343	9.08	9.779
org.apache.hadoop.security.TestLdapGroupsMapping	8.69	8.727	8.707	8.802	8.716
org.apache.hadoop.ipc.TestCallQueueManager	8.258	8.263	8.175	8.279	8.284
org.apache.hadoop.conf.TestConfigurationDeprecation	7.751	7.246	8.144	7.943	8.251
org.apache.hadoop.io.TestSequenceFile	7.995	8.701	8.204	8.029	8.136
org.apache.hadoop.ipc.TestIPCServerResponder	8.06	8.14	8.254	8.009	7.956
org.apache.hadoop.crypto.TestCryptoCodec	7.496	7.444	7.619	7.909	7.94
org.apache.hadoop.crypto.TestCryptoStreamsForLocalFS	7.388	7.683	7.66	7.567	7.724
org.apache.hadoop.crypto.key.kms.TestLoadBalancingKMSClientProvider	8.894	8.593	9.378	7.943	7.542
org.apache.hadoop.security.TestShellBasedIdMapping	7.311	7.432	7.366	7.332	7.341
org.apache.hadoop.http.TestSSLHttpServer	7.932	7.882	10.501	7.64	7.332
org.apache.hadoop.security.token.delegation.web.TestWebDelegationToken	6.751	7.166	6.801	7.219	7.201
org.apache.hadoop.fs.TestFileUtil	7.08	7.107	7.131	7.222	7.043
org.apache.hadoop.util.TestLightWeightCache	8.251	8.692	7.844	9.368	6.35
org.apache.hadoop.fs.TestDelegationTokenRenewer	5.423	5.419	5.416	5.418	5.421
org.apache.hadoop.util.TestShell	5.355	5.323	5.323	5.323	5.338
org.apache.hadoop.net.TestSocketIOWithTimeout	5.237	5.241	5.238	5.243	5.237
org.apache.hadoop.crypto.key.TestKeyProviderFactory	4.56	4.52	4.496	4.52	4.671
org.apache.hadoop.util.TestNodeHealthScriptRunner	4.586	4.581	4.58	4.582	4.586
org.apache.hadoop.crypto.TestCryptoStreamsNormal	4.328	4.414	4.242	4.342	4.357
org.apache.hadoop.crypto.key.TestKeyShell	4.239	4.238	4.291	4.29	4.31
org.apache.hadoop.security.TestKDiag	4.097	4.16	9.128	4.11	4.293
org.apache.hadoop.conf.TestConfiguration	4.126	4.238	3.996	3.961	3.921
org.apache.hadoop.security.TestUGILoginFromKeytab	3.663	5.157	3.758	3.72	3.731
org.apache.hadoop.fs.sftp.TestSFTPFileSystem	3.788	3.91	3.759	3.698	3.577
org.apache.hadoop.net.TestNetUtils	3.512	3.53	3.545	3.53	3.513
org.apache.hadoop.ha.TestSshFenceByTcpPort	3.487	3.53	3.543	3.494	3.512
org.apache.hadoop.http.TestHttpServer	3.276	3.228	3.66	3.489	3.478
org.apache.hadoop.io.compress.TestCompressionStreamReuse	3.447	3.348	3.388	3.478	3.416
org.apache.hadoop.security.TestUserGroupInformation	3.207	3.204	3.232	3.193	3.365
org.apache.hadoop.util.TestShutdownThreadsHelper	3.132	3.133	3.134	3.142	3.139
org.apache.hadoop.test.TestMultithreadedTestUtil	3.145	3.152	3.148	3.155	3.138
org.apache.hadoop.io.file.tfile.TestTFileSplit	3.1	3.309	3.185	3.169	3.116
org.apache.hadoop.security.alias.TestCredentialProviderFactory	3.083	3.13	3.136	3.088	3.102
org.apache.hadoop.io.file.tfile.TestTFileSeqFileComparison	3.146	3.008	3.059	3.018	2.992
org.apache.hadoop.fs.viewfs.TestViewFileSystemWithAuthorityLocalFileSystem	2.797	2.855	2.902	2.871	2.871
org.apache.hadoop.conf.TestReconfiguration	2.883	2.818	2.836	2.838	2.843
org.apache.hadoop.security.ssl.TestReloadingX509TrustManager	2.622	2.58	2.58	2.575	2.578
org.apache.hadoop.ha.TestActiveStandbyElector	2.468	2.467	2.475	2.458	2.458
org.apache.hadoop.fs.viewfs.TestViewFsWithAuthorityLocalFs	2.522	2.408	2.45	2.492	2.386
org.apache.hadoop.fs.TestSymlinkLocalFSFileContext	2.434	2.531	2.446	2.378	2.367
org.apache.hadoop.fs.viewfs.TestViewFsLocalFs	2.413	2.388	2.465	2.378	2.354
org.apache.hadoop.service.TestServiceLifecycle	2.285	2.281	2.281	2.283	2.339
org.apache.hadoop.fs.viewfs.TestViewFileSystemLocalFileSystem	2.284	2.336	2.331	2.306	2.33
org.apache.hadoop.security.ssl.TestSSLFactory	2.192	2.207	2.186	2.255	2.289
org.apache.hadoop.fs.viewfs.TestFcMainOperationsLocalFs	2.243	2.235	2.572	2.201	2.191
org.apache.hadoop.fs.TestHarFileSystemBasics	2.217	2.085	2.068	2.067	2.137
org.apache.hadoop.fs.TestSymlinkLocalFSFileSystem	2.074	2.019	2.122	2.009	2.131
org.apache.hadoop.ipc.TestDecayRpcScheduler	2.022	2.057	2.032	2.053	2.058
org.apache.hadoop.crypto.key.TestCachingKeyProvider	2.035	2.039	2.039	2.033	2.042
org.apache.hadoop.io.file.tfile.TestTFileSeek	1.992	1.998	2.014	1.991	1.999
org.apache.hadoop.io.TestArrayFile	2.069	2.115	2.423	2.063	1.949
org.apache.hadoop.io.TestSetFile	1.83	1.93	1.914	1.759	1.935
org.apache.hadoop.fs.viewfs.TestFSMainOperationsLocalFileSystem	1.726	1.896	1.719	1.689	1.72
org.apache.hadoop.metrics2.impl.TestMetricsSystemImpl	1.635	1.674	1.647	1.625	1.638
org.apache.hadoop.ha.TestHealthMonitorWithDedicatedHealthAddress	1.623	1.629	1.644	1.613	1.637
org.apache.hadoop.io.file.tfile.TestTFileByteArrays	1.544	1.572	1.667	1.594	1.614
org.apache.hadoop.io.file.tfile.TestTFileJClassComparatorByteArrays	1.542	1.579	1.683	1.606	1.614
org.apache.hadoop.fs.TestLocalFSFileContextMainOperations	1.568	1.568	2.114	1.577	1.585
org.apache.hadoop.ha.TestHealthMonitor	1.522	1.51	1.541	1.541	1.577
org.apache.hadoop.fs.TestLocalFileSystem	1.399	1.403	1.429	1.49	1.425
org.apache.hadoop.ipc.TestRetryCache	1.316	1.191	1.372	1.29	1.407
org.apache.hadoop.io.retry.TestRetryProxy	1.345	1.34	1.349	1.365	1.342
org.apache.hadoop.fs.TestFsShellReturnCode	1.345	1.319	1.342	1.322	1.319
org.apache.hadoop.fs.contract.localfs.TestLocalFSContractGetFileStatus	1.35	1.322	1.37	1.333	1.313
org.apache.hadoop.security.TestGroupsCaching	1.302	1.299	1.358	1.301	1.306
org.apache.hadoop.util.TestGSet	1.197	1.429	1.248	1.333	1.247
org.apache.hadoop.util.TestCacheableIPList	1.246	1.251	1.258	1.253	1.245
org.apache.hadoop.fs.TestFSMainOperationsLocalFileSystem	1.143	1.143	1.185	1.14	1.239
org.apache.hadoop.io.TestBloomMapFile	1.236	1.241	1.248	1.25	1.231
org.apache.hadoop.fs.contract.rawlocal.TestRawlocalContractGetFileStatus	1.217	1.21	1.246	1.283	1.214
org.apache.hadoop.io.file.tfile.TestVLong	1.19	1.256	1.34	1.257	1.204
org.apache.hadoop.crypto.key.TestValueQueue	1.191	1.188	1.213	1.189	1.187
org.apache.hadoop.ipc.TestRPCWaitForProxy	1.176	1.215	1.189	1.191	1.18
org.apache.hadoop.http.TestHttpCookieFlag	1.228	1.238	1.285	1.269	1.154
org.apache.hadoop.io.TestMapFile	1.138	1.167	1.184	1.221	1.153
org.apache.hadoop.metrics2.util.TestMetricsCache	1.145	1.13	1.152	1.173	1.138
org.apache.hadoop.fs.TestLocalFsFCStatistics	0.739	1.129	1.658	0.613	1.13
org.apache.hadoop.fs.shell.find.TestFind	1.102	1.104	1.1	1.086	1.125
org.apache.hadoop.http.TestHttpServerLifecycle	1.212	1.228	1.119	1.008	1.122
org.apache.hadoop.fs.viewfs.TestViewFsTrash	1.156	1.051	1.078	1.066	1.119
org.apache.hadoop.fs.TestFsShellCopy	1.392	1.117	1.148	1.189	1.116
org.apache.hadoop.http.TestAuthenticationSessionCookie	1.05	1.241	1.142	1.171	1.101
org.apache.hadoop.io.file.tfile.TestTFileNoneCodecsStreams	1.052	1.068	1.055	1.038	1.1
org.apache.hadoop.io.file.tfile.TestTFileStreams	1.06	1.159	1.062	1.062	1.056
org.apache.hadoop.http.TestServletFilter	0.96	1.021	0.998	0.879	1.052
org.apache.hadoop.io.file.tfile.TestTFileNoneCodecsByteArrays	1.124	1.054	1.027	1.04	1.04
org.apache.hadoop.fs.contract.localfs.TestLocalFSContractSeek	1.092	1.029	1.157	1.044	1.038
org.apache.hadoop.fs.viewfs.TestChRootedFs	1.049	1.021	1.045	1.03	1.034
org.apache.hadoop.io.file.tfile.TestTFileNoneCodecsJClassComparatorByteArrays	1.023	1.139	1.041	1.021	1.02
org.apache.hadoop.fs.TestS3_LocalFileContextURI	0.943	0.94	0.946	0.947	1.013
org.apache.hadoop.ha.TestFailoverController	0.914	0.877	0.91	0.937	1.012
org.apache.hadoop.security.alias.TestCredShell	1.877	1.154	1.211	1.001	0.995
org.apache.hadoop.jmx.TestJMXJsonServlet	1.084	1.086	1.091	1.172	0.983
org.apache.hadoop.fs.shell.TestLs	0.964	0.96	0.97	0.968	0.982
org.apache.hadoop.security.token.delegation.web.TestDelegationTokenAuthenticationHandlerWithMocks	0.98	1.036	1.109	0.949	0.981
org.apache.hadoop.fs.viewfs.TestChRootedFileSystem	0.987	1.064	0.979	0.962	0.956
org.apache.hadoop.ipc.TestFairCallQueue	0.949	0.926	0.966	0.947	0.943
org.apache.hadoop.fs.TestLocalDirAllocator	0.9	0.927	0.901	0.866	0.936
org.apache.hadoop.fs.TestLocal_S3FileContextURI	1.048	0.942	1.035	0.954	0.919
org.apache.hadoop.util.TestDiskChecker	0.804	1.414	0.848	0.828	0.912
org.apache.hadoop.io.file.tfile.TestTFile	0.896	0.96	0.895	0.889	0.896
org.apache.hadoop.fs.TestFsShell	0.917	0.952	0.875	0.884	0.875
org.apache.hadoop.fs.contract.rawlocal.TestRawlocalContractSeek	0.873	0.892	1.147	0.851	0.859
org.apache.hadoop.fs.viewfs.TestFcCreateMkdirLocalFs	0.881	0.869	0.878	0.916	0.857
org.apache.hadoop.security.TestDoAsEffectiveUser	0.857	0.888	0.843	0.848	0.845
org.apache.hadoop.fs.shell.TestPathData	0.898	0.841	0.902	0.851	0.841
org.apache.hadoop.fs.shell.TestTextCommand	0.818	0.994	0.821	0.817	0.812
org.apache.hadoop.fs.viewfs.TestViewFileSystemDelegation	0.74	0.727	0.743	0.766	0.812
org.apache.hadoop.io.file.tfile.TestTFileComparator2	0.795	0.876	0.889	0.819	0.8
org.apache.hadoop.ipc.TestRPCCompatibility	0.767	0.768	0.797	0.783	0.791
org.apache.hadoop.fs.TestPath	0.779	0.772	0.797	0.761	0.787
org.apache.hadoop.fs.viewfs.TestViewfsFileStatus	0.808	0.772	0.782	0.769	0.784
org.apache.hadoop.ipc.TestRPCServerShutdown	0.904	1.0	0.794	0.806	0.781
org.apache.hadoop.fs.TestChecksumFileSystem	0.784	0.786	0.767	0.768	0.77
org.apache.hadoop.fs.TestFileSystemCaching	0.788	0.764	0.795	0.765	0.766
org.apache.hadoop.ipc.TestReuseRpcConnections	0.773	0.769	0.884	0.873	0.765
org.apache.hadoop.fs.shell.TestCopyPreserveFlag	0.818	0.791	0.782	0.814	0.762
org.apache.hadoop.ipc.TestMultipleProtocolServer	0.765	0.772	0.813	0.833	0.761
org.apache.hadoop.ipc.TestServer	0.791	0.666	0.711	0.679	0.76
org.apache.hadoop.fs.shell.find.TestIname	0.739	0.735	0.756	0.734	0.739
org.apache.hadoop.fs.shell.TestCopy	0.747	0.734	0.763	0.731	0.731
org.apache.hadoop.fs.TestFsShellTouch	0.609	0.639	0.609	0.619	0.725
org.apache.hadoop.fs.shell.find.TestName	0.721	0.76	0.727	0.725	0.724
org.apache.hadoop.fs.contract.localfs.TestLocalFSContractCreate	0.871	0.727	0.734	0.804	0.724
org.apache.hadoop.util.TestGenericOptionsParser	0.775	0.702	0.708	0.741	0.722
org.apache.hadoop.fs.viewfs.TestFcPermissionsLocalFs	0.729	0.727	0.734	0.716	0.72
org.apache.hadoop.fs.TestLocalFileSystemPermission	0.645	0.598	0.592	0.624	0.719
org.apache.hadoop.fs.shell.TestCount	0.781	0.747	0.726	0.727	0.717
org.apache.hadoop.fs.TestLocalFSFileContextCreateMkdir	0.748	0.754	0.712	0.73	0.705
org.apache.hadoop.fs.shell.TestMove	0.679	0.674	0.691	0.687	0.703
org.apache.hadoop.fs.shell.find.TestPrint	0.677	0.675	0.679	0.668	0.702
org.apache.hadoop.fs.contract.localfs.TestLocalFSContractOpen	0.763	0.678	0.686	0.714	0.698
org.apache.hadoop.cli.TestCLI	0.696	0.647	0.651	0.679	0.698
org.apache.hadoop.http.TestGlobalFilter	0.786	0.794	0.803	0.702	0.694
org.apache.hadoop.ipc.TestProtoBufRPCCompatibility	0.71	0.75	0.773	0.695	0.688
org.apache.hadoop.security.authorize.TestServiceAuthorization	0.705	0.677	0.68	0.682	0.681
org.apache.hadoop.conf.TestConfServlet	0.67	0.669	0.693	0.856	0.681
org.apache.hadoop.fs.contract.rawlocal.TestRawlocalContractCreate	0.68	0.676	0.685	0.677	0.679
org.apache.hadoop.security.TestCompositeGroupMapping	0.52	0.654	0.543	0.538	0.678
org.apache.hadoop.fs.contract.localfs.TestLocalFSContractRename	0.695	0.691	0.694	0.679	0.676
org.apache.hadoop.fs.shell.find.TestPrint0	0.678	0.68	0.673	0.674	0.675
org.apache.hadoop.fs.shell.TestAclCommands	0.675	0.674	0.734	0.737	0.673
org.apache.hadoop.fs.TestFilterFileSystem	0.691	0.688	0.701	0.671	0.668
org.apache.hadoop.fs.contract.rawlocal.TestRawlocalContractOpen	0.658	0.654	0.661	0.649	0.664
org.apache.hadoop.http.TestPathFilter	0.657	0.654	0.681	0.769	0.663
org.apache.hadoop.fs.contract.localfs.TestLocalFSContractMkdir	0.681	0.694	0.642	0.629	0.662
org.apache.hadoop.ha.TestShellCommandFencer	0.646	0.66	0.64	0.659	0.66
org.apache.hadoop.util.TestJarFinder	0.643	0.649	0.651	0.667	0.657
org.apache.hadoop.io.TestSequenceFileSync	0.656	0.659	0.724	0.675	0.653
org.apache.hadoop.security.authorize.TestAccessControlList	0.668	0.626	0.622	0.709	0.652
org.apache.hadoop.log.TestLogLevel	0.644	0.639	0.643	0.658	0.652
org.apache.hadoop.fs.contract.localfs.TestLocalFSContractDelete	0.673	0.682	0.676	0.664	0.647
org.apache.hadoop.fs.TestListFiles	0.699	0.602	0.593	0.639	0.647
org.apache.hadoop.fs.TestFsShellList	0.651	0.693	0.645	0.642	0.646
org.apache.hadoop.io.file.tfile.TestTFileUnsortedByteArrays	0.678	0.649	0.661	0.649	0.645
org.apache.hadoop.fs.contract.rawlocal.TestRawlocalContractRename	0.655	0.647	0.654	0.771	0.644
org.apache.hadoop.fs.TestFcLocalFsPermission	0.665	0.648	0.643	0.64	0.643
org.apache.hadoop.fs.TestAvroFSInput	0.582	0.612	0.575	0.541	0.639
org.apache.hadoop.fs.contract.rawlocal.TestRawlocalContractDelete	0.651	0.644	0.65	0.638	0.633
org.apache.hadoop.io.TestSequenceFileAppend	0.628	0.635	0.696	0.63	0.633
org.apache.hadoop.ha.TestNodeFencer	0.616	0.613	0.744	0.698	0.63
org.apache.hadoop.io.file.tfile.TestTFileComparators	0.583	0.605	0.581	0.598	0.63
org.apache.hadoop.security.TestSecurityUtil	0.627	0.634	0.628	0.744	0.624
org.apache.hadoop.fs.contract.rawlocal.TestRawlocalContractMkdir	0.615	0.624	0.617	0.623	0.622
org.apache.hadoop.fs.TestGetFileBlockLocations	0.619	0.714	0.618	0.616	0.618
org.apache.hadoop.io.TestSequenceFileSerialization	0.606	0.738	0.616	0.617	0.614
org.apache.hadoop.ipc.TestMiniRPCBenchmark	0.636	0.615	0.624	0.64	0.609
org.apache.hadoop.fs.TestFcLocalFsUtil	0.594	0.735	0.597	0.606	0.599
org.apache.hadoop.crypto.key.TestKeyProviderDelegationTokenExtension	0.599	0.663	0.602	0.598	0.599
org.apache.hadoop.security.authorize.TestProxyUsers	0.627	0.612	0.618	0.607	0.598
org.apache.hadoop.fs.viewfs.TestViewFileSystemDelegationTokenSupport	0.605	0.598	0.604	0.607	0.597
org.apache.hadoop.crypto.key.TestKeyProviderCryptoExtension	0.597	0.61	0.633	0.591	0.593
org.apache.hadoop.fs.TestFileContextResolveAfs	0.585	0.577	0.607	0.65	0.584
org.apache.hadoop.security.TestKDiagNoKDC	0.583	0.61	0.593	0.589	0.583
org.apache.hadoop.fs.shell.TestXAttrCommands	0.59	0.567	0.577	0.571	0.576
org.apache.hadoop.fs.TestFileContextDeleteOnExit	0.584	0.563	0.585	0.568	0.572
org.apache.hadoop.fs.TestStat	0.578	0.567	0.589	0.709	0.568
org.apache.hadoop.io.TestSecureIOUtils	0.583	0.568	0.574	0.571	0.567
org.apache.hadoop.fs.contract.localfs.TestLocalFSContractLoaded	0.58	0.565	0.607	0.56	0.565
org.apache.hadoop.fs.contract.localfs.TestLocalFSContractSetTimes	0.596	0.549	0.565	0.556	0.564
org.apache.hadoop.security.token.delegation.web.TestDelegationTokenManager	0.534	0.528	0.535	0.532	0.563
org.apache.hadoop.fs.contract.rawlocal.TestRawlocalContractSetTimes	0.562	0.549	0.646	0.554	0.563
org.apache.hadoop.metrics2.util.TestSampleQuantiles	0.482	0.491	0.487	0.493	0.561
org.apache.hadoop.fs.TestFilterFs	0.575	0.551	0.568	0.542	0.549
org.apache.hadoop.fs.TestTruncatedInputBug	0.566	0.557	0.547	0.549	0.547
org.apache.hadoop.fs.viewfs.TestViewFsURIs	0.552	0.544	0.539	0.54	0.541
org.apache.hadoop.security.TestUserFromEnv	0.477	0.475	0.465	0.477	0.534
org.apache.hadoop.io.serializer.avro.TestAvroSerialization	0.542	0.532	0.526	0.537	0.53
org.apache.hadoop.fs.TestHarFileSystem	0.545	0.551	0.538	0.53	0.528
org.apache.hadoop.fs.TestFileSystemInitialization	0.513	0.519	0.539	0.515	0.524
org.apache.hadoop.io.TestText	0.52	0.537	0.533	0.524	0.517
org.apache.hadoop.ipc.TestIdentityProviders	0.484	0.481	0.488	0.502	0.514
org.apache.hadoop.http.TestHttpServerWebapps	0.509	0.518	0.52	0.515	0.51
org.apache.hadoop.util.TestIndexedSort	0.463	0.434	0.45	0.502	0.51
org.apache.hadoop.security.TestGroupFallback	0.504	0.499	0.533	0.494	0.506
org.apache.hadoop.fs.viewfs.TestViewFsConfig	0.485	0.5	0.495	0.486	0.503
org.apache.hadoop.security.TestLdapGroupsMappingWithPosixGroup	0.501	0.496	0.498	0.506	0.501
org.apache.hadoop.security.TestAuthenticationFilter	0.477	0.47	0.476	0.48	0.495
org.apache.hadoop.util.TestHttpExceptionUtils	0.52	0.472	0.463	0.48	0.491
org.apache.hadoop.security.TestProxyUserFromEnv	0.494	0.487	0.475	0.469	0.479
org.apache.hadoop.io.TestUTF8	0.476	0.584	0.483	0.492	0.477
org.apache.hadoop.io.compress.TestCodecFactory	0.441	0.461	0.472	0.422	0.474
org.apache.hadoop.util.TestRunJar	0.38	0.363	0.37	0.373	0.46
org.apache.hadoop.net.TestScriptBasedMappingWithDependency	0.406	0.446	0.413	0.445	0.449
org.apache.hadoop.metrics2.impl.TestSinkQueue	0.375	0.373	0.381	0.417	0.449
org.apache.hadoop.net.TestStaticMapping	0.461	0.493	0.452	0.439	0.442
org.apache.hadoop.fs.TestFileSystemCanonicalization	0.428	0.492	0.486	0.437	0.431
org.apache.hadoop.metrics2.sink.TestFileSink	0.413	0.413	0.481	0.418	0.43
org.apache.hadoop.ipc.TestWeightedRoundRobinMultiplexer	0.435	0.433	0.508	0.474	0.425
org.apache.hadoop.http.lib.TestStaticUserWebFilter	0.424	0.422	0.412	0.443	0.419
org.apache.hadoop.tracing.TestTraceUtils	0.422	0.45	0.426	0.43	0.413
org.apache.hadoop.test.TestLambdaTestUtils	0.421	0.459	0.428	0.452	0.41
org.apache.hadoop.io.retry.TestConnectionRetryPolicy	0.406	0.397	0.443	0.405	0.409
org.apache.hadoop.metrics2.impl.TestGangliaMetrics	0.417	0.397	0.402	0.451	0.408
org.apache.hadoop.metrics2.source.TestJvmMetrics	0.396	0.405	0.415	0.406	0.406
org.apache.hadoop.conf.TestCommonConfigurationFields	0.414	0.46	0.414	0.401	0.405
org.apache.hadoop.security.TestWhitelistBasedResolver	0.401	0.39	0.379	0.383	0.398
org.apache.hadoop.util.TestChunkedArrayList	0.375	0.373	0.4	0.369	0.378
org.apache.hadoop.fs.permission.TestFsPermission	0.403	0.389	0.385	0.38	0.377
org.apache.hadoop.net.TestTableMapping	0.387	0.38	0.394	0.383	0.377
org.apache.hadoop.security.authorize.TestProxyServers	0.342	0.353	0.348	0.357	0.376
org.apache.hadoop.util.TestNativeLibraryChecker	0.38	0.446	0.399	0.388	0.376
org.apache.hadoop.util.TestMachineList	0.398	0.355	0.429	0.365	0.374
org.apache.hadoop.crypto.key.TestKeyProvider	0.371	0.379	0.382	0.378	0.372
org.apache.hadoop.fs.TestDelegateToFileSystem	0.377	0.367	0.368	0.354	0.365
org.apache.hadoop.io.TestDefaultStringifier	0.473	0.372	0.398	0.366	0.365
org.apache.hadoop.fs.TestDelegateToFsCheckPath	0.371	0.358	0.368	0.363	0.359
org.apache.hadoop.fs.TestFileSystemTokens	0.369	0.356	0.366	0.36	0.358
org.apache.hadoop.io.serializer.TestSerializationFactory	0.356	0.364	0.367	0.359	0.353
org.apache.hadoop.util.TestPureJavaCrc32	0.34	0.362	0.36	0.369	0.352
org.apache.hadoop.io.serializer.TestWritableSerialization	0.355	0.361	0.355	0.349	0.351
org.apache.hadoop.crypto.random.TestOsSecureRandom	0.374	0.341	0.378	0.346	0.35
org.apache.hadoop.ha.TestHAAdmin	0.308	0.328	0.319	0.323	0.349
org.apache.hadoop.conf.TestDeprecatedKeys	0.349	0.352	0.419	0.357	0.345
org.apache.hadoop.io.TestEnumSetWritable	0.327	0.358	0.346	0.359	0.338
org.apache.hadoop.fs.TestGetSpaceUsed	0.343	0.333	0.334	0.329	0.336
org.apache.hadoop.security.http.TestRestCsrfPreventionFilter	0.303	0.3	0.301	0.375	0.335
org.apache.hadoop.conf.TestConfigRedactor	0.33	0.381	0.34	0.324	0.334
org.apache.hadoop.util.TestReflectionUtils	0.3	0.318	0.314	0.333	0.332
org.apache.hadoop.security.TestShellBasedUnixGroupsMapping	0.332	0.325	0.331	0.322	0.331
org.apache.hadoop.fs.TestContentSummary	0.332	0.334	0.386	0.333	0.33
org.apache.hadoop.ipc.TestRetryCacheMetrics	0.303	0.31	0.304	0.31	0.329
org.apache.hadoop.util.TestGenericsUtil	0.334	0.321	0.33	0.332	0.325
org.apache.hadoop.conf.TestGetInstances	0.318	0.312	0.323	0.319	0.324
org.apache.hadoop.test.TestTimedOutTestsListener	0.352	0.31	0.334	0.311	0.322
org.apache.hadoop.io.TestGenericWritable	0.326	0.328	0.319	0.322	0.32
org.apache.hadoop.io.compress.TestCodecPool	0.313	0.318	0.313	0.309	0.318
org.apache.hadoop.util.hash.TestHash	0.283	0.284	0.279	0.289	0.315
org.apache.hadoop.metrics2.lib.TestMetricsAnnotations	0.314	0.314	0.32	0.316	0.315
org.apache.hadoop.io.retry.TestDefaultRetryPolicy	0.288	0.317	0.298	0.302	0.311
org.apache.hadoop.metrics2.filter.TestPatternFilter	0.305	0.297	0.307	0.314	0.307
org.apache.hadoop.security.http.TestCrossOriginFilter	0.297	0.322	0.294	0.307	0.301
org.apache.hadoop.net.TestDNS	0.262	0.268	0.264	0.3	0.3
org.apache.hadoop.net.TestScriptBasedMapping	0.34	0.344	0.303	0.298	0.297
org.apache.hadoop.util.TestClasspath	0.296	0.342	0.309	0.3	0.296
org.apache.hadoop.log.TestLog4Json	0.29	0.288	0.301	0.288	0.291
org.apache.hadoop.metrics2.lib.TestMetricsRegistry	0.295	0.283	0.283	0.288	0.287
org.apache.hadoop.fs.TestFileContext	0.26	0.264	0.272	0.26	0.286
org.apache.hadoop.metrics2.impl.TestMetricsConfig	0.286	0.279	0.276	0.283	0.286
org.apache.hadoop.util.TestLightWeightResizableGSet	0.285	0.281	0.279	0.3	0.284
org.apache.hadoop.io.file.tfile.TestTFileLzoCodecsByteArrays	0.283	0.285	0.28	0.274	0.278
org.apache.hadoop.util.TestStringUtils	0.28	0.327	0.28	0.34	0.276
org.apache.hadoop.metrics2.impl.TestGraphiteMetrics	0.273	0.269	0.278	0.281	0.275
org.apache.hadoop.net.TestSwitchMapping	0.273	0.278	0.281	0.276	0.273
org.apache.hadoop.metrics2.impl.TestMetricsVisitor	0.261	0.262	0.267	0.278	0.269
org.apache.hadoop.conf.TestConfigurationSubclass	0.38	0.276	0.275	0.278	0.268
org.apache.hadoop.fs.TestHardLink	0.253	0.251	0.255	0.247	0.267
org.apache.hadoop.io.file.tfile.TestTFileLzoCodecsStreams	0.269	0.314	0.278	0.278	0.267
org.apache.hadoop.security.TestHttpCrossOriginFilterInitializer	0.252	0.251	0.256	0.254	0.264
org.apache.hadoop.security.TestCredentials	0.258	0.254	0.286	0.274	0.263
org.apache.hadoop.ipc.TestSocketFactory	0.259	0.254	0.259	0.26	0.263
org.apache.hadoop.metrics2.impl.TestStatsDMetrics	0.246	0.258	0.248	0.248	0.263
org.apache.hadoop.io.file.tfile.TestCompression	0.332	0.264	0.266	0.263	0.261
org.apache.hadoop.io.TestWritable	0.279	0.268	0.265	0.264	0.259
org.apache.hadoop.fs.shell.find.TestFilterExpression	0.234	0.236	0.24	0.235	0.247
org.apache.hadoop.util.TestDiskCheckerWithDiskIo	0.249	0.295	0.26	0.255	0.247
org.apache.hadoop.util.TestApplicationClassLoader	0.25	0.237	0.238	0.257	0.242
org.apache.hadoop.util.TestSysInfoLinux	0.229	0.249	0.238	0.244	0.238
org.apache.hadoop.io.TestDataByteBuffers	0.226	0.226	0.224	0.236	0.231
org.apache.hadoop.fs.TestDFVariations	0.226	0.223	0.229	0.231	0.223
org.apache.hadoop.fs.shell.find.TestAnd	0.238	0.227	0.235	0.226	0.222
org.apache.hadoop.io.TestIOUtils	0.223	0.225	0.221	0.217	0.222
org.apache.hadoop.security.token.TestToken	0.218	0.221	0.218	0.218	0.221
org.apache.hadoop.io.compress.TestCompressorDecompressor	0.184	0.177	0.181	0.181	0.218
org.apache.hadoop.io.TestObjectWritableProtos	0.222	0.23	0.224	0.275	0.214
org.apache.hadoop.security.http.TestXFrameOptionsFilter	0.213	0.254	0.209	0.208	0.212
org.apache.hadoop.fs.TestDFCachingGetSpaceUsed	0.225	0.215	0.222	0.216	0.211
org.apache.hadoop.test.TestGenericTestUtils	0.225	0.237	0.221	0.206	0.211
org.apache.hadoop.fs.permission.TestAcl	0.21	0.214	0.21	0.242	0.21
org.apache.hadoop.util.TestVersionUtil	0.211	0.195	0.201	0.203	0.201
org.apache.hadoop.fs.TestQuotaUsage	0.209	0.245	0.249	0.206	0.194
org.apache.hadoop.http.TestHtmlQuoting	0.193	0.187	0.192	0.19	0.194
org.apache.hadoop.service.TestCompositeService	0.172	0.169	0.199	0.187	0.194
org.apache.hadoop.metrics2.sink.ganglia.TestGangliaSink	0.203	0.195	0.196	0.197	0.191
org.apache.hadoop.io.TestArrayPrimitiveWritable	0.165	0.151	0.144	0.152	0.187
org.apache.hadoop.net.TestClusterTopology	0.191	0.182	0.18	0.22	0.185
org.apache.hadoop.util.TestProtoUtil	0.175	0.178	0.178	0.224	0.182
org.apache.hadoop.metrics2.impl.TestMetricsCollectorImpl	0.178	0.227	0.228	0.174	0.182
org.apache.hadoop.util.TestFileBasedIPList	0.142	0.15	0.183	0.152	0.178
org.apache.hadoop.crypto.random.TestOpensslSecureRandom	0.161	0.161	0.177	0.165	0.168
org.apache.hadoop.metrics2.lib.TestInterns	0.143	0.169	0.153	0.148	0.164
org.apache.hadoop.net.TestNetworkTopologyWithNodeGroup	0.16	0.156	0.164	0.161	0.163
org.apache.hadoop.fs.TestFileStatus	0.157	0.158	0.165	0.173	0.162
org.apache.hadoop.util.TestProgress	0.135	0.131	0.131	0.162	0.162
org.apache.hadoop.io.TestSortedMapWritable	0.163	0.158	0.164	0.158	0.161
org.apache.hadoop.ipc.TestRpcWritable	0.163	0.164	0.195	0.177	0.161
org.apache.hadoop.util.TestHostsFileReader	0.165	0.152	0.154	0.154	0.161
org.apache.hadoop.util.TestLineReader	0.162	0.156	0.161	0.153	0.16
org.apache.hadoop.io.TestMapWritable	0.159	0.16	0.157	0.157	0.159
org.apache.hadoop.service.TestGlobalStateChangeListener	0.165	0.157	0.169	0.159	0.159
org.apache.hadoop.io.TestMD5Hash	0.159	0.17	0.17	0.161	0.158
org.apache.hadoop.io.TestArrayWritable	0.185	0.15	0.158	0.15	0.157
org.apache.hadoop.io.TestBytesWritable	0.176	0.147	0.148	0.146	0.157
org.apache.hadoop.io.TestBooleanWritable	0.155	0.175	0.149	0.158	0.149
org.apache.hadoop.io.TestTextNonUTF8	0.145	0.139	0.152	0.173	0.149
org.apache.hadoop.util.TestNativeCodeLoader	0.146	0.138	0.142	0.148	0.149
org.apache.hadoop.util.TestIdentityHashStore	0.15	0.175	0.149	0.195	0.149
org.apache.hadoop.fs.contract.rawlocal.TestRawLocalContractUnderlyingFileBehavior	0.149	0.16	0.193	0.15	0.148
org.apache.hadoop.fs.TestFileSystemStorageStatistics	0.145	0.148	0.143	0.147	0.147
org.apache.hadoop.io.TestWritableName	0.17	0.151	0.149	0.139	0.145
org.apache.hadoop.fs.shell.TestCommandFactory	0.155	0.147	0.15	0.156	0.144
org.apache.hadoop.util.TestSignalLogger	0.143	0.144	0.182	0.165	0.144
org.apache.hadoop.metrics.ganglia.TestGangliaContext	0.144	0.142	0.148	0.145	0.144
org.apache.hadoop.fs.ftp.TestFTPFileSystem	0.139	0.144	0.144	0.135	0.143
org.apache.hadoop.util.TestShutdownHookManager	0.149	0.135	0.141	0.146	0.141
org.apache.hadoop.security.alias.TestCredentialProvider	0.142	0.13	0.139	0.137	0.137
org.apache.hadoop.fs.TestAfsCheckPath	0.14	0.14	0.135	0.14	0.137
org.apache.hadoop.util.TestSysInfoWindows	0.14	0.142	0.131	0.141	0.136
org.apache.hadoop.http.TestHttpRequestLog	0.149	0.146	0.143	0.145	0.133
org.apache.hadoop.util.TestLightWeightGSet	0.14	0.135	0.138	0.14	0.133
org.apache.hadoop.test.TestJUnitSetup	0.139	0.135	0.144	0.139	0.132
org.apache.hadoop.io.TestWritableUtils	0.128	0.126	0.134	0.13	0.132
org.apache.hadoop.util.TestAsyncDiskService	0.129	0.122	0.13	0.129	0.122
org.apache.hadoop.util.TestTime	0.084	0.102	0.09	0.118	0.116
org.apache.hadoop.util.TestZKUtil	0.101	0.125	0.107	0.098	0.098
org.apache.hadoop.ipc.TestResponseBuffer	0.068	0.067	0.081	0.068	0.094
org.apache.hadoop.util.TestStringInterner	0.091	0.094	0.105	0.087	0.092
org.apache.hadoop.util.TestDirectBufferPool	0.087	0.093	0.095	0.084	0.087
org.apache.hadoop.io.compress.TestBlockDecompressorStream	0.063	0.071	0.063	0.065	0.086
org.apache.hadoop.util.TestStopWatch	0.09	0.086	0.063	0.068	0.081
org.apache.hadoop.io.TestBoundedByteArrayOutputStream	0.068	0.064	0.07	0.071	0.08
org.apache.hadoop.fs.shell.find.TestResult	0.084	0.076	0.106	0.075	0.079
org.apache.hadoop.util.TestFastNumberFormat	0.097	0.1	0.098	0.08	0.076
org.apache.hadoop.fs.shell.TestPrintableString	0.063	0.071	0.069	0.073	0.074
org.apache.hadoop.metrics.TestMetricsServlet	0.095	0.072	0.076	0.078	0.074
org.apache.hadoop.fs.TestCommandFormat	0.095	0.073	0.078	0.07	0.072
org.apache.hadoop.io.TestVersionedWritable	0.101	0.07	0.068	0.071	0.071
org.apache.hadoop.util.TestClassUtil	0.071	0.078	0.07	0.07	0.07
org.apache.hadoop.metrics.spi.TestOutputRecord	0.064	0.052	0.052	0.054	0.069
org.apache.hadoop.io.compress.TestDecompressorStream	0.065	0.065	0.071	0.068	0.068
org.apache.hadoop.fs.shell.TestPathExceptions	0.073	0.067	0.072	0.086	0.066
org.apache.hadoop.fs.TestGlobPattern	0.072	0.074	0.063	0.071	0.066
org.apache.hadoop.http.TestHttpRequestLogAppender	0.063	0.067	0.068	0.065	0.066
org.apache.hadoop.util.TestAutoCloseableLock	0.068	0.066	0.066	0.066	0.065
org.apache.hadoop.io.compress.TestCompressorStream	0.082	0.074	0.066	0.072	0.064
org.apache.hadoop.metrics2.lib.TestUniqNames	0.073	0.073	0.074	0.072	0.064
org.apache.hadoop.security.TestNetgroupCache	0.062	0.06	0.062	0.068	0.061
org.apache.hadoop.util.TestOptions	0.064	0.069	0.071	0.059	0.061
org.apache.hadoop.fs.TestBlockLocation	0.061	0.064	0.067	0.066	0.06
org.apache.hadoop.metrics2.util.TestSampleStat	0.062	0.069	0.06	0.061	0.059
org.apache.hadoop.fs.TestFsOptions	0.083	0.083	0.07	0.083	0.057
org.apache.hadoop.fs.TestGlobExpander	0.061	0.052	0.049	0.057	0.053
