org.apache.hadoop.hbase.master.procedure.TestDisableTableProcedure	17.764	18.982	17.085	20.711	217.516
org.apache.hadoop.hbase.client.TestClientPushback	198.134	198.486	198.623	198.453	198.41
org.apache.hadoop.hbase.client.TestAsyncClientPushback	199.354	199.297	198.79	199.077	198.247
org.apache.hadoop.hbase.master.TestSplitLogManager	139.205	139.471	139.338	138.855	139.506
org.apache.hadoop.hbase.security.TestSecureIPC	120.803	120.972	124.153	99.664	118.412
org.apache.hadoop.hbase.client.TestReplicaWithCluster	119.78	118.252	116.979	115.499	116.626
org.apache.hadoop.hbase.master.TestSplitWALManager	106.766	107.957	108.592	105.527	110.688
org.apache.hadoop.hbase.regionserver.TestScannerHeartbeatMessages	107.14	105.949	106.877	106.089	107.2
org.apache.hadoop.hbase.regionserver.TestMajorCompaction	104.283	99.558	102.955	100.061	106.704
org.apache.hadoop.hbase.regionserver.throttle.TestFlushWithThroughputController	104.504	103.842	106.286	102.629	106.043
org.apache.hadoop.hbase.regionserver.TestCompoundBloomFilter	112.073	109.856	109.061	107.819	104.472
org.apache.hadoop.hbase.quotas.TestSpaceQuotasWithRegionReplicas	95.687	95.747	101.665	97.64	94.676
org.apache.hadoop.hbase.TestPartialResultsFromClientSide	94.352	94.276	96.376	92.116	94.6
org.apache.hadoop.hbase.regionserver.TestRegionReplicas	97.624	94.577	97.927	96.234	93.137
org.apache.hadoop.hbase.io.hfile.TestHFileBlock	91.019	90.131	89.891	89.724	91.166
org.apache.hadoop.hbase.tool.TestCanaryTool	96.591	95.749	88.356	95.981	90.427
org.apache.hadoop.hbase.client.TestAsyncResultScannerCursor	88.695	89.442	88.475	89.058	89.617
org.apache.hadoop.hbase.master.TestMasterRepairMode	86.919	87.012	86.058	85.513	88.238
org.apache.hadoop.hbase.namespace.TestNamespaceAuditor	89.29	90.121	91.722	89.214	87.617
org.apache.hadoop.hbase.regionserver.TestAtomicOperation	88.577	86.512	85.687	81.318	87.547
org.apache.hadoop.hbase.client.replication.TestReplicationAdminWithClusters	82.288	85.476	85.77	81.946	87.461
org.apache.hadoop.hbase.client.TestReplicasClient	85.714	85.478	85.597	87.389	87.16
org.apache.hadoop.hbase.client.TestRawAsyncScanCursor	85.821	86.72	85.473	86.02	86.243
org.apache.hadoop.hbase.client.TestResultScannerCursor	85.526	86.01	85.577	85.397	85.925
org.apache.hadoop.hbase.master.procedure.TestRestoreSnapshotProcedure	61.72	59.016	81.649	64.062	84.373
org.apache.hadoop.hbase.procedure.TestFailedProcCleanup	79.102	78.248	79.666	80.063	80.333
org.apache.hadoop.hbase.replication.TestAddToSerialReplicationPeer	75.492	76.023	79.315	75.441	79.119
org.apache.hadoop.hbase.backup.TestHFileArchiving	85.18	77.04	75.245	78.245	76.838
org.apache.hadoop.hbase.replication.TestNamespaceReplication	76.51	75.105	75.212	74.834	75.404
org.apache.hadoop.hbase.master.assignment.TestSplitTableRegionProcedure	72.108	71.38	71.06	70.188	70.902
org.apache.hadoop.hbase.io.encoding.TestEncodedSeekers	71.075	70.799	72.61	72.287	70.558
org.apache.hadoop.hbase.regionserver.throttle.TestCompactionWithThroughputController	70.849	74.321	72.203	74.887	70.321
org.apache.hadoop.hbase.master.locking.TestLockProcedure	68.723	69.917	68.885	69.553	70.178
org.apache.hadoop.hbase.master.assignment.TestMergeTableRegionsProcedure	75.967	72.214	71.373	75.532	69.165
org.apache.hadoop.hbase.coprocessor.TestRegionObserverInterface	66.882	69.074	65.346	63.62	67.931
org.apache.hadoop.hbase.io.hfile.TestScannerSelectionUsingTTL	64.23	67.261	67.411	67.127	67.566
org.apache.hadoop.hbase.master.procedure.TestModifyTableProcedure	67.754	61.951	65.595	68.808	66.317
org.apache.hadoop.hbase.quotas.TestSnapshotQuotaObserverChore	77.68	91.221	92.425	60.306	62.218
org.apache.hadoop.hbase.regionserver.TestFSErrorsExposed	65.833	49.69	49.777	52.565	62.204
org.apache.hadoop.hbase.master.procedure.TestTruncateTableProcedure	62.961	88.478	63.505	61.142	60.787
org.apache.hadoop.hbase.quotas.TestQuotaAdmin	60.208	57.85	72.634	58.509	60.328
org.apache.hadoop.hbase.regionserver.wal.TestLogRollPeriod	57.615	57.486	56.886	57.082	54.595
org.apache.hadoop.hbase.util.TestRegionMover	52.822	58.437	62.085	54.228	54.572
org.apache.hadoop.hbase.client.replication.TestReplicationAdmin	52.82	52.528	58.806	52.279	54.183
org.apache.hadoop.hbase.regionserver.wal.TestAsyncLogRollPeriod	56.157	54.587	55.257	54.828	54.142
org.apache.hadoop.hbase.client.TestClientOperationInterrupt	54.338	54.352	54.129	53.932	53.61
org.apache.hadoop.hbase.regionserver.TestClearRegionBlockCache	52.624	52.236	55.051	58.582	52.72
org.apache.hadoop.hbase.filter.TestFilterWithScanLimits	51.694	52.422	51.417	52.229	51.505
org.apache.hadoop.hbase.regionserver.wal.TestWALReplay	49.432	50.682	47.674	50.76	51.172
org.apache.hadoop.hbase.client.TestAsyncTableRegionReplicasScan	47.08	47.818	48.656	47.475	49.907
org.apache.hadoop.hbase.replication.TestSerialReplication	52.846	51.911	54.124	56.275	48.894
org.apache.hadoop.hbase.client.TestScannersFromClientSide	46.948	46.686	48.651	44.485	48.785
org.apache.hadoop.hbase.regionserver.wal.TestAsyncWALReplayCompressed	47.641	48.092	42.829	44.816	47.863
org.apache.hadoop.hbase.regionserver.wal.TestWALReplayCompressed	47.546	48.78	47.126	47.509	47.426
org.apache.hadoop.hbase.master.procedure.TestCloneSnapshotProcedure	61.474	46.93	45.636	48.026	47.17
org.apache.hadoop.hbase.regionserver.wal.TestSecureAsyncWALReplay	47.156	52.385	43.81	47.686	46.98
org.apache.hadoop.hbase.master.normalizer.TestSimpleRegionNormalizerOnCluster	47.237	49.555	49.924	49.127	46.937
org.apache.hadoop.hbase.master.balancer.TestFavoredNodeTableImport	32.136	29.446	31.303	31.168	46.907
org.apache.hadoop.hbase.master.snapshot.TestSnapshotFileCache	41.18	35.6	38.989	43.676	46.201
org.apache.hadoop.hbase.regionserver.TestHRegionFileSystem	45.1	47.342	45.53	46.255	45.537
org.apache.hadoop.hbase.regionserver.wal.TestSecureWALReplay	47.229	49.227	53.861	48.694	45.322
org.apache.hadoop.hbase.regionserver.TestTags	44.673	45.839	46.206	47.957	44.998
org.apache.hadoop.hbase.regionserver.TestShutdownWhileWALBroken	46.761	46.037	44.378	49.931	44.962
org.apache.hadoop.hbase.regionserver.wal.TestAsyncWALReplay	48.008	46.601	47.5	46.026	44.88
org.apache.hadoop.hbase.coprocessor.TestMasterObserver	46.883	44.362	46.218	44.778	44.103
org.apache.hadoop.hbase.security.visibility.TestVisibilityLabelsWithDefaultVisLabelService	46.058	43.244	42.133	42.336	43.655
org.apache.hadoop.hbase.regionserver.wal.TestWALReplayBoundedLogWriterCreation	45.09	50.878	46.476	47.911	43.59
org.apache.hadoop.hbase.regionserver.TestRegionReplicasWithModifyTable	43.95	45.928	44.55	40.809	43.402
org.apache.hadoop.hbase.client.TestAsyncTableRegionReplicasGet	43.712	43.234	43.315	43.184	43.296
org.apache.hadoop.hbase.replication.regionserver.TestReplicationSource	45.692	43.675	40.833	44.334	42.02
org.apache.hadoop.hbase.master.cleaner.TestSnapshotFromMaster	44.226	42.784	42.61	45.047	41.952
org.apache.hadoop.hbase.util.TestFSUtils	41.816	50.764	51.571	46.305	41.919
org.apache.hadoop.hbase.regionserver.wal.TestLogRollingNoCluster	34.875	38.285	40.645	42.698	41.424
org.apache.hadoop.hbase.regionserver.TestHdfsSnapshotHRegion	40.884	40.339	41.08	40.692	41.12
org.apache.hadoop.hbase.client.TestAsyncNonMetaRegionLocator	41.127	38.601	42.795	38.681	40.463
org.apache.hadoop.hbase.client.TestScannersFromClientSide2	39.642	36.263	40.222	41.288	40.106
org.apache.hadoop.hbase.security.access.TestCellACLWithMultipleVersions	40.645	40.08	38.27	41.048	39.465
org.apache.hadoop.hbase.client.TestCIDeleteRpcTimeout	39.82	39.27	40.096	38.83	39.401
org.apache.hadoop.hbase.master.procedure.TestSplitWALProcedure	41.216	47.152	41.719	37.216	39.367
org.apache.hadoop.hbase.client.TestCIPutRpcTimeout	38.805	38.65	38.318	38.644	38.719
org.apache.hadoop.hbase.client.TestSnapshotWithAclAsyncAdmin	34.726	36.392	37.533	39.896	37.722
org.apache.hadoop.hbase.client.TestCIGetRpcTimeout	37.108	37.433	36.688	37.021	37.287
org.apache.hadoop.hbase.master.procedure.TestMasterProcedureSchedulerConcurrency	37.319	37.707	37.251	37.242	37.279
org.apache.hadoop.hbase.regionserver.TestMobStoreScanner	36.899	33.674	32.703	32.477	37.224
org.apache.hadoop.hbase.client.TestCIIncrementRpcTimeout	37.223	37.153	36.588	36.683	36.71
org.apache.hadoop.hbase.TestMetaTableAccessor	37.35	38.653	33.101	35.892	36.703
org.apache.hadoop.hbase.client.TestSnapshotWithAcl	41.25	39.189	38.032	41.273	36.362
org.apache.hadoop.hbase.regionserver.TestClusterId	33.711	37.139	36.581	38.591	35.794
org.apache.hadoop.hbase.regionserver.TestRegionServerReportForDuty	37.227	36.792	35.595	36.934	35.654
org.apache.hadoop.hbase.regionserver.TestSplitWalDataLoss	53.2	50.878	51.755	49.601	35.52
org.apache.hadoop.hbase.TestClusterBootOrder	34.203	33.714	33.308	34.542	33.964
org.apache.hadoop.hbase.security.visibility.TestVisibilityLabelsWithCustomVisLabService	31.666	34.213	36.081	35.3	33.565
org.apache.hadoop.hbase.client.TestSplitOrMergeAtTableLevel	33.334	34.353	31.376	33.411	32.712
org.apache.hadoop.hbase.replication.multiwal.TestReplicationEndpointWithMultipleWAL	35.837	32.208	32.125	34.211	32.429
org.apache.hadoop.hbase.snapshot.TestMobRestoreSnapshotHelper	35.587	36.153	37.159	39.481	31.736
org.apache.hadoop.hbase.io.encoding.TestLoadAndSwitchEncodeOnDisk	34.739	30.173	33.812	35.008	31.712
org.apache.hadoop.hbase.filter.TestMultiRowRangeFilter	29.603	31.21	33.389	36.225	31.141
org.apache.hadoop.hbase.client.TestSnapshotMetadata	29.159	31.865	24.481	26.774	31.053
org.apache.hadoop.hbase.util.TestIdReadWriteLock	30.982	30.948	31.036	30.9	31.024
org.apache.hadoop.hbase.master.TestMetaShutdownHandler	31.438	31.403	30.947	31.033	31.019
org.apache.hadoop.hbase.client.TestAsyncTableScanAll	32.52	31.746	30.032	29.277	30.779
org.apache.hadoop.hbase.replication.TestReplicationEndpoint	28.649	27.571	27.824	29.947	30.689
org.apache.hadoop.hbase.snapshot.TestRestoreSnapshotHelper	28.898	33.623	30.213	28.345	30.455
org.apache.hadoop.hbase.client.TestFlushFromClient	30.727	33.847	32.701	30.72	30.345
org.apache.hadoop.hbase.coprocessor.TestMetaTableMetrics	28.675	35.463	29.553	32.464	29.773
org.apache.hadoop.hbase.coprocessor.TestCoprocessorMetrics	30.183	23.894	28.371	26.676	29.583
org.apache.hadoop.hbase.regionserver.TestNewVersionBehaviorFromClientSide	30.33	30.581	29.909	30.264	29.198
org.apache.hadoop.hbase.replication.multiwal.TestReplicationEndpointWithMultipleAsyncWAL	57.944	31.663	29.671	58.954	28.249
org.apache.hadoop.hbase.replication.regionserver.TestSerialReplicationEndpoint	26.665	27.071	25.667	25.162	28.068
org.apache.hadoop.hbase.wal.TestWALFiltering	26.153	28.741	28.693	27.808	27.465
org.apache.hadoop.hbase.master.assignment.TestOpenRegionProcedureHang	26.786	26.521	26.0	25.639	27.356
org.apache.hadoop.hbase.security.visibility.TestVisibilityLabelsReplication	27.19	27.369	23.479	26.637	27.067
org.apache.hadoop.hbase.client.TestMultiRespectsLimits	27.65	25.899	33.571	27.081	26.729
org.apache.hadoop.hbase.client.TestDropTimeoutRequest	26.924	26.854	26.866	26.946	26.666
org.apache.hadoop.hbase.regionserver.wal.TestLogRollAbort	24.667	23.282	25.11	23.688	26.493
org.apache.hadoop.hbase.TestJMXConnectorServer	25.08	26.209	26.71	27.351	26.397
org.apache.hadoop.hbase.util.compaction.TestMajorCompactor	26.271	30.748	25.862	28.309	26.29
org.apache.hadoop.hbase.client.TestTableFavoredNodes	27.571	26.731	28.632	28.067	25.869
org.apache.hadoop.hbase.master.assignment.TestAMServerFailedOpen	25.631	25.597	25.522	25.505	25.562
org.apache.hadoop.hbase.master.TestClusterRestart	25.925	26.925	25.583	25.188	25.256
org.apache.hadoop.hbase.master.TestClusterRestartSplitWithoutZk	24.128	24.555	24.784	23.964	24.995
org.apache.hadoop.hbase.security.visibility.TestVisibilityLabelReplicationWithExpAsString	25.243	26.814	24.646	25.098	24.89
org.apache.hadoop.hbase.replication.TestReplicationProcedureRetry	23.902	24.84	24.551	24.378	24.009
org.apache.hadoop.hbase.client.TestRegionLocationCaching	24.253	24.773	24.867	24.19	23.872
org.apache.hadoop.hbase.regionserver.TestBulkLoadReplication	20.193	22.269	21.785	19.681	23.863
org.apache.hadoop.hbase.master.balancer.TestStochasticLoadBalancerLargeCluster	24.114	22.914	23.453	23.708	23.685
org.apache.hadoop.hbase.regionserver.TestHeapMemoryManager	23.701	23.624	23.636	23.775	23.681
org.apache.hadoop.hbase.regionserver.TestSplitLogWorker	23.505	23.62	23.606	8.532	23.559
org.apache.hadoop.hbase.master.procedure.TestCreateTableProcedure	24.036	26.35	26.597	26.502	23.351
org.apache.hadoop.hbase.io.hfile.TestSeekBeforeWithInlineBlocks	24.707	24.199	23.764	23.178	23.328
org.apache.hadoop.hbase.quotas.TestQuotaStatusRPCs	23.317	24.728	17.801	20.778	22.762
org.apache.hadoop.hbase.master.TestRoundRobinAssignmentOnRestartSplitWithoutZk	22.516	27.132	29.479	22.847	22.644
org.apache.hadoop.hbase.master.procedure.TestDeleteTableProcedure	22.092	22.322	23.028	42.672	22.482
org.apache.hadoop.hbase.io.hfile.TestForceCacheImportantBlocks	23.432	22.711	22.14	22.208	22.431
org.apache.hadoop.hbase.client.TestSeparateClientZKCluster	22.45	21.763	24.202	21.126	22.398
org.apache.hadoop.hbase.coprocessor.TestRegionServerCoprocessorExceptionWithAbort	19.246	21.885	18.664	19.804	22.343
org.apache.hadoop.hbase.master.TestHMasterRPCException	22.318	22.16	22.15	22.134	22.283
org.apache.hadoop.hbase.master.procedure.TestReopenTableRegionsProcedureInfiniteLoop	3.036	3.334	3.047	3.364	21.437
org.apache.hadoop.hbase.replication.regionserver.TestReplicator	20.427	20.361	21.672	21.083	21.38
org.apache.hadoop.hbase.master.TestMasterAbortAndRSGotKilled	21.002	21.02	21.092	20.791	21.009
org.apache.hadoop.hbase.quotas.TestRegionSizeUse	19.504	21.273	22.684	21.535	20.987
org.apache.hadoop.hbase.regionserver.TestRegionServerAbort	21.565	20.892	21.092	20.953	20.811
org.apache.hadoop.hbase.regionserver.TestHStore	21.209	21.092	20.998	18.814	20.703
org.apache.hadoop.hbase.master.TestMasterOperationsForRegionReplicas	20.727	22.027	22.808	20.395	20.7
org.apache.hadoop.hbase.TestNamespace	20.835	20.914	17.736	23.258	20.652
org.apache.hadoop.hbase.master.procedure.TestEnableTableProcedure	20.541	18.876	18.238	40.795	20.639
org.apache.hadoop.hbase.replication.TestRemoveFromSerialReplicationPeer	20.361	19.102	22.33	21.772	20.631
org.apache.hadoop.hbase.regionserver.TestRegionServerHostname	21.114	21.849	23.151	20.944	20.63
org.apache.hadoop.hbase.client.TestAsyncDecommissionAdminApi	13.287	16.833	17.054	12.249	20.63
org.apache.hadoop.hbase.quotas.TestSuperUserQuotaPermissions	18.588	26.041	24.448	20.298	20.568
org.apache.hadoop.hbase.snapshot.TestSnapshotClientRetries	23.945	21.11	22.869	21.732	20.563
org.apache.hadoop.hbase.client.TestEnableTable	19.627	18.511	19.334	20.471	20.302
org.apache.hadoop.hbase.quotas.TestSpaceQuotaOnBulkLoad	20.302	20.773	18.949	19.713	20.241
org.apache.hadoop.hbase.TestHColumnDescriptorDefaultVersions	19.554	23.55	20.334	21.601	20.232
org.apache.hadoop.hbase.master.TestRoundRobinAssignmentOnRestart	18.822	19.216	19.57	20.724	20.129
org.apache.hadoop.hbase.master.assignment.TestOpenRegionProcedureBackoff	10.112	10.65	9.464	10.499	20.058
org.apache.hadoop.hbase.util.TestConnectionCache	20.478	18.781	20.218	19.444	19.945
org.apache.hadoop.hbase.master.assignment.TestCloseRegionWhileRSCrash	20.263	21.266	20.638	20.461	19.822
org.apache.hadoop.hbase.regionserver.TestRegionReplicasWithRestartScenarios	19.925	19.008	18.459	18.076	19.703
org.apache.hadoop.hbase.regionserver.TestHRegionOnCluster	19.053	19.176	17.759	20.243	19.412
org.apache.hadoop.hbase.client.TestServerLoadDurability	21.555	19.415	20.765	20.641	19.344
org.apache.hadoop.hbase.client.TestMultiParallel	17.98	21.785	18.027	19.603	19.137
org.apache.hadoop.hbase.client.TestAsyncClientPauseForCallQueueTooBig	18.768	20.157	18.967	20.511	19.031
org.apache.hadoop.hbase.favored.TestFavoredNodeAssignmentHelper	18.18	18.12	18.715	18.838	18.988
org.apache.hadoop.hbase.master.procedure.TestReopenTableRegionsProcedureBackoff	18.125	18.007	18.022	16.939	18.778
org.apache.hadoop.hbase.master.TestGetLastFlushedSequenceId	18.478	18.221	20.359	19.224	18.516
org.apache.hadoop.hbase.mob.TestExpiredMobFileCleaner	16.445	18.099	18.23	19.564	18.485
org.apache.hadoop.hbase.regionserver.TestEncryptionKeyRotation	17.743	18.029	17.477	18.868	18.46
org.apache.hadoop.hbase.client.TestAsyncClusterAdminApi2	18.391	19.648	19.957	19.512	18.019
org.apache.hadoop.hbase.master.assignment.TestReportRegionStateTransitionFromDeadServer	18.103	17.676	18.64	19.698	17.98
org.apache.hadoop.hbase.client.TestMalformedCellFromClient	17.306	14.512	14.419	17.691	17.76
org.apache.hadoop.hbase.master.assignment.TestRegionAssignedToMultipleRegionServers	16.942	17.022	17.435	16.964	17.626
org.apache.hadoop.hbase.client.TestRawAsyncTableScan	20.003	18.862	18.07	18.565	17.598
org.apache.hadoop.hbase.TestSplitMerge	16.604	14.383	13.185	15.714	17.356
org.apache.hadoop.hbase.coprocessor.TestRegionObserverForAddingMutationsFromCoprocessors	17.502	14.057	15.669	15.722	17.167
org.apache.hadoop.hbase.replication.TestReplicationMetricsforUI	16.936	16.572	16.356	16.691	16.887
org.apache.hadoop.hbase.client.TestCISleep	19.094	16.687	18.248	17.032	16.849
org.apache.hadoop.hbase.master.assignment.TestTransitRegionStateProcedure	15.085	15.948	15.386	15.576	16.835
org.apache.hadoop.hbase.regionserver.TestCompactSplitThread	17.409	16.896	15.785	15.605	16.74
org.apache.hadoop.hbase.regionserver.TestCompaction	15.996	17.372	16.25	17.308	16.598
org.apache.hadoop.hbase.constraint.TestConstraint	15.739	15.166	17.691	15.123	16.449
org.apache.hadoop.hbase.master.TestCloseAnOpeningRegion	16.396	16.19	16.787	17.298	16.362
org.apache.hadoop.hbase.client.replication.TestReplicationAdminWithTwoDifferentZKClusters	16.659	17.956	16.109	14.067	16.332
org.apache.hadoop.hbase.coprocessor.TestRegionObserverScannerOpenHook	17.177	15.178	15.382	15.303	16.277
org.apache.hadoop.hbase.replication.TestReplicationStatus	16.256	15.981	16.72	16.698	16.207
org.apache.hadoop.hbase.coprocessor.TestRegionServerCoprocessorExceptionWithRemove	15.947	16.561	16.291	16.514	15.981
org.apache.hadoop.hbase.coprocessor.TestRegionObserverBypass	18.655	16.758	15.061	18.215	15.676
org.apache.hadoop.hbase.master.assignment.TestRegionStates	14.873	14.834	14.508	14.948	15.566
org.apache.hadoop.hbase.util.TestIdLock	15.28	15.352	15.329	15.348	15.453
org.apache.hadoop.hbase.regionserver.TestCompactionWithCoprocessor	15.965	17.641	16.11	15.626	15.283
org.apache.hadoop.hbase.TestGlobalMemStoreSize	15.211	17.062	16.496	15.734	15.097
org.apache.hadoop.hbase.master.procedure.TestProcedureAdmin	14.492	15.347	15.342	14.869	15.066
org.apache.hadoop.hbase.replication.regionserver.TestReplicationSink	12.596	13.443	12.227	13.802	14.893
org.apache.hadoop.hbase.regionserver.TestRegionFavoredNodes	12.861	13.571	12.621	11.433	14.882
org.apache.hadoop.hbase.regionserver.TestRegionServerAbortTimeout	16.465	17.813	17.058	17.48	14.77
org.apache.hadoop.hbase.replication.regionserver.TestRegionReplicaReplicationEndpointNoMaster	12.951	13.591	13.677	14.674	14.75
org.apache.hadoop.hbase.master.procedure.TestSafemodeBringsDownMaster	14.975	14.66	14.986	14.428	14.607
org.apache.hadoop.hbase.master.balancer.TestStochasticLoadBalancerRegionReplica	12.966	14.986	13.566	13.302	14.246
org.apache.hadoop.hbase.client.TestSmallReversedScanner	16.191	14.859	17.024	16.813	14.177
org.apache.hadoop.hbase.TestHBaseOnOtherDfsCluster	15.326	14.638	14.941	14.257	13.81
org.apache.hadoop.hbase.io.asyncfs.TestFanOutOneBlockAsyncDFSOutput	13.693	13.748	13.378	13.409	13.732
org.apache.hadoop.hbase.util.TestHBaseFsckCleanReplicationBarriers	14.287	13.545	13.626	12.746	13.649
org.apache.hadoop.hbase.master.TestAssignmentManagerMetrics	14.145	13.937	14.712	15.038	13.597
org.apache.hadoop.hbase.master.TestCatalogJanitor	13.314	13.293	13.29	13.442	13.414
org.apache.hadoop.hbase.TestMovedRegionsCleaner	13.638	13.329	13.4	13.356	13.284
org.apache.hadoop.hbase.coprocessor.TestOpenTableInCoprocessor	10.864	11.854	10.922	13.149	13.115
org.apache.hadoop.hbase.quotas.TestMasterQuotasObserver	15.054	13.743	12.537	12.368	13.09
org.apache.hadoop.hbase.regionserver.TestScannerWithBulkload	12.666	15.453	15.186	15.841	12.956
org.apache.hadoop.hbase.master.procedure.TestIgnoreUnknownFamily	11.516	9.601	12.478	12.144	12.73
org.apache.hadoop.hbase.master.TestMasterNoCluster	12.307	12.043	12.249	12.322	12.703
org.apache.hadoop.hbase.mob.TestMobDataBlockEncoding	13.994	14.316	10.183	13.441	12.677
org.apache.hadoop.hbase.master.procedure.TestMasterObserverPostCalls	13.82	8.768	14.739	11.197	12.602
org.apache.hadoop.hbase.regionserver.TestDeleteMobTable	12.13	12.927	14.191	13.392	12.597
org.apache.hadoop.hbase.master.cleaner.TestHFileCleaner	12.342	11.59	13.924	11.298	12.31
org.apache.hadoop.hbase.io.TestFileLink	11.334	12.813	11.439	11.211	12.252
org.apache.hadoop.hbase.regionserver.TestRowTooBig	12.085	14.162	12.547	12.184	12.18
org.apache.hadoop.hbase.regionserver.TestCompactionFileNotFound	12.021	10.928	11.916	13.434	12.152
org.apache.hadoop.hbase.master.procedure.TestDeleteNamespaceProcedure	8.898	9.667	10.951	10.798	12.03
org.apache.hadoop.hbase.TestLocalHBaseCluster	12.521	13.508	12.807	13.979	11.995
org.apache.hadoop.hbase.io.hfile.TestPrefetch	12.0	11.924	11.951	11.909	11.909
org.apache.hadoop.hbase.master.TestGetInfoPort	13.22	12.864	13.05	13.291	11.749
org.apache.hadoop.hbase.client.TestAsyncTableScanRenewLease	11.645	11.832	11.678	12.092	11.725
org.apache.hadoop.hbase.client.TestAsyncTableBatchRetryImmediately	11.737	11.302	11.363	11.793	11.705
org.apache.hadoop.hbase.wal.TestWALFactory	12.042	15.59	11.205	11.735	11.683
org.apache.hadoop.hbase.filter.TestFilterListOrOperatorWithBlkCnt	11.087	10.121	9.082	11.915	11.656
org.apache.hadoop.hbase.TestClusterPortAssignment	13.983	13.332	12.668	12.404	11.652
org.apache.hadoop.hbase.master.TestMaster	10.027	12.549	10.701	12.226	11.557
org.apache.hadoop.hbase.ipc.TestRpcServerSlowConnectionSetup	11.687	11.421	11.842	11.599	11.5
org.apache.hadoop.hbase.master.procedure.TestServerRemoteProcedure	11.681	12.013	11.678	11.39	11.499
org.apache.hadoop.hbase.io.hfile.bucket.TestBucketCache	12.145	11.362	11.362	11.675	11.473
org.apache.hadoop.hbase.util.TestCoprocessorScanPolicy	12.88	10.948	14.903	12.026	11.464
org.apache.hadoop.hbase.regionserver.wal.TestFSHLog	13.061	11.601	11.893	11.198	11.459
org.apache.hadoop.hbase.procedure.TestZKProcedure	11.59	11.41	11.564	11.505	11.418
org.apache.hadoop.hbase.TestMultiVersions	13.473	12.887	13.948	11.892	11.363
org.apache.hadoop.hbase.replication.TestSerialReplicationFailover	11.083	13.937	11.47	11.533	11.215
org.apache.hadoop.hbase.replication.regionserver.TestReplicationSourceManagerZkImpl	11.181	10.896	12.461	11.392	11.102
org.apache.hadoop.hbase.regionserver.compactions.TestFIFOCompactionPolicy	11.195	12.604	12.297	13.78	11.054
org.apache.hadoop.hbase.util.TestRegionSplitter	10.778	8.819	8.901	10.698	10.992
org.apache.hadoop.hbase.client.TestTimestampsFilter	8.733	9.639	11.61	7.736	10.883
org.apache.hadoop.hbase.master.TestCatalogJanitorInMemoryStates	10.309	8.132	8.711	10.634	10.879
org.apache.hadoop.hbase.TestRegionMetrics	10.041	9.419	11.955	10.684	10.81
org.apache.hadoop.hbase.TestNodeHealthCheckChore	10.79	10.768	10.74	10.769	10.75
org.apache.hadoop.hbase.regionserver.TestCompactingToCellFlatMapMemStore	10.947	10.945	10.694	10.78	10.689
org.apache.hadoop.hbase.master.cleaner.TestHFileLinkCleaner	10.683	10.761	10.676	10.693	10.683
org.apache.hadoop.hbase.regionserver.TestWALLockup	10.854	10.687	13.185	13.737	10.525
org.apache.hadoop.hbase.snapshot.TestSnapshotManifest	9.942	10.094	9.187	9.437	10.514
org.apache.hadoop.hbase.master.balancer.TestStochasticLoadBalancer	9.196	10.47	9.962	9.724	10.485
org.apache.hadoop.hbase.regionserver.TestMultiVersionConcurrencyControl	10.247	10.214	10.208	10.247	10.197
org.apache.hadoop.hbase.client.TestFromClientSideScanExcpetion	9.002	10.504	9.515	8.454	10.05
org.apache.hadoop.hbase.security.visibility.TestVisibilityLabelsOnNewVersionBehaviorTable	14.772	9.518	9.452	8.515	9.995
org.apache.hadoop.hbase.backup.example.TestZooKeeperTableArchiveClient	9.872	9.83	9.969	9.956	9.964
org.apache.hadoop.hbase.regionserver.TestRegionIncrement	9.064	10.248	8.513	9.517	9.652
org.apache.hadoop.hbase.regionserver.TestRegionServerCrashDisableWAL	9.935	9.403	9.67	9.811	9.571
org.apache.hadoop.hbase.client.TestAsyncBufferMutator	9.731	9.799	10.268	10.193	9.469
org.apache.hadoop.hbase.regionserver.TestCompactorMemLeak	9.92	9.109	8.751	10.942	9.465
org.apache.hadoop.hbase.master.procedure.TestCreateNamespaceProcedure	8.009	7.733	9.583	9.817	9.322
org.apache.hadoop.hbase.client.TestFromClientSideScanExcpetionWithCoprocessor	9.366	9.059	7.921	8.612	9.301
org.apache.hadoop.hbase.regionserver.TestCompactionArchiveIOException	11.319	10.799	10.792	11.502	9.243
org.apache.hadoop.hbase.master.cleaner.TestLogsCleaner	8.525	7.823	8.417	7.825	9.17
org.apache.hadoop.hbase.regionserver.TestRegionOpen	7.29	7.909	6.352	7.502	8.868
org.apache.hadoop.hbase.client.TestAsyncTable	10.065	9.058	8.897	9.205	8.866
org.apache.hadoop.hbase.ipc.TestRpcClientLeaks	5.706	4.806	6.105	6.02	8.722
org.apache.hadoop.hbase.coprocessor.TestWALObserver	9.316	8.887	8.938	7.877	8.622
org.apache.hadoop.hbase.master.TestMergeTableRegionsWhileRSCrash	9.446	8.276	8.36	8.295	8.487
org.apache.hadoop.hbase.util.TestFSHDFSUtils	8.452	8.554	8.444	8.479	8.403
org.apache.hadoop.hbase.master.TestSplitRegionWhileRSCrash	8.431	9.088	7.666	7.831	8.328
org.apache.hadoop.hbase.master.procedure.TestModifyNamespaceProcedure	7.577	8.655	8.084	8.715	8.288
org.apache.hadoop.hbase.regionserver.TestCompactionLifeCycleTracker	8.719	8.254	9.421	7.862	8.235
org.apache.hadoop.hbase.regionserver.TestParallelPut	7.899	6.881	7.823	7.003	8.036
org.apache.hadoop.hbase.filter.TestColumnRangeFilter	8.038	9.498	7.494	7.688	8.034
org.apache.hadoop.hbase.regionserver.TestColumnSeeking	7.27	7.165	7.289	7.503	8.016
org.apache.hadoop.hbase.regionserver.TestMutateRowsRecovery	3.786	4.5	4.408	4.938	7.992
org.apache.hadoop.hbase.client.TestClientScannerRPCTimeout	8.117	7.856	7.94	6.685	7.601
org.apache.hadoop.hbase.io.encoding.TestBufferedDataBlockEncoder	7.535	7.529	7.646	7.604	7.505
org.apache.hadoop.hbase.ipc.TestNettyIPC	7.473	7.452	7.403	7.509	7.499
org.apache.hadoop.hbase.regionserver.TestRegionReplicasAreDistributed	9.089	7.995	11.015	13.354	7.459
org.apache.hadoop.hbase.master.balancer.TestStochasticLoadBalancerSmallCluster	7.786	7.961	7.903	7.71	7.435
org.apache.hadoop.hbase.ipc.TestSimpleRpcScheduler	7.467	7.527	7.432	7.441	7.405
org.apache.hadoop.hbase.master.assignment.TestHbckChore	7.388	7.173	7.192	7.077	7.401
org.apache.hadoop.hbase.master.assignment.TestMasterAbortWhileMergingTable	6.621	7.622	6.531	7.293	7.364
org.apache.hadoop.hbase.regionserver.TestFlushLifeCycleTracker	6.622	6.863	8.432	8.205	7.289
org.apache.hadoop.hbase.security.visibility.TestVisibilityLabelsWithACL	8.354	8.775	7.569	10.996	7.144
org.apache.hadoop.hbase.client.TestMetaCache	8.074	7.44	7.476	7.348	7.076
org.apache.hadoop.hbase.wal.TestFSHLogCorruptionDueToDanglingByteBuffer	7.329	6.339	9.317	6.783	6.971
org.apache.hadoop.hbase.master.TestMasterFileSystem	7.2	6.655	7.446	6.854	6.953
org.apache.hadoop.hbase.regionserver.TestRecoveredEdits	6.653	6.703	6.704	7.17	6.923
org.apache.hadoop.hbase.snapshot.TestRegionSnapshotTask	8.256	8.976	7.555	7.166	6.912
org.apache.hadoop.hbase.client.TestTableOperationException	6.554	5.49	5.379	5.846	6.811
org.apache.hadoop.hbase.regionserver.TestSeekOptimizations	7.024	7.11	6.576	6.629	6.711
org.apache.hadoop.hbase.security.access.TestRpcAccessChecks	6.776	7.692	8.461	7.943	6.661
org.apache.hadoop.hbase.regionserver.TestMetricsTableAggregate	5.624	5.621	5.43	5.6	6.57
org.apache.hadoop.hbase.coprocessor.TestMasterCoprocessorExceptionWithRemove	5.552	6.234	5.676	5.769	6.447
org.apache.hadoop.hbase.security.access.TestScanEarlyTermination	7.24	6.3	5.222	6.126	6.423
org.apache.hadoop.hbase.client.TestHBaseAdminNoCluster	6.271	6.305	6.297	6.244	6.359
org.apache.hadoop.hbase.master.snapshot.TestSnapshotManager	6.397	6.386	6.399	6.376	6.359
org.apache.hadoop.hbase.coprocessor.TestPassCustomCellViaRegionObserver	6.183	7.395	7.614	6.137	6.319
org.apache.hadoop.hbase.regionserver.TestMemStoreLAB	6.698	6.399	6.496	6.325	6.277
org.apache.hadoop.hbase.wal.TestAsyncFSWALCorruptionDueToDanglingByteBuffer	6.995	7.039	6.483	6.285	6.276
org.apache.hadoop.hbase.snapshot.TestSnapshotStoreFileSize	5.179	6.529	6.328	7.904	6.21
org.apache.hadoop.hbase.regionserver.TestIsDeleteFailure	4.667	5.949	5.819	6.409	6.191
org.apache.hadoop.hbase.regionserver.TestCleanupCompactedFileOnRegionClose	5.019	4.755	6.92	4.205	6.179
org.apache.hadoop.hbase.TestCheckTestClasses	5.488	5.631	6.373	5.295	6.106
org.apache.hadoop.hbase.client.TestAsyncTableLocateRegionForDeletedTable	5.613	7.289	6.229	6.025	6.085
org.apache.hadoop.hbase.regionserver.TestCompactingMemStore	6.232	6.15	6.265	6.394	6.063
org.apache.hadoop.hbase.replication.regionserver.TestRaceWhenCreatingReplicationSource	6.669	7.893	6.285	7.218	5.963
org.apache.hadoop.hbase.regionserver.TestOpenSeqNumUnexpectedIncrease	6.013	5.814	7.076	7.251	5.915
org.apache.hadoop.hbase.master.assignment.TestSCPGetRegionsRace	6.433	7.296	3.565	4.151	5.879
org.apache.hadoop.hbase.coprocessor.TestMasterObserverToModifyTableSchema	4.659	3.515	4.311	4.156	5.778
org.apache.hadoop.hbase.wal.TestDisabledWAL	5.458	5.151	5.273	4.902	5.57
org.apache.hadoop.hbase.filter.TestFilter	5.685	5.516	5.54	5.818	5.544
org.apache.hadoop.hbase.client.TestAsyncSingleRequestRpcRetryingCaller	5.522	4.874	5.658	5.246	5.266
org.apache.hadoop.hbase.TestRegionLoad	5.379	5.534	6.101	5.459	5.232
org.apache.hadoop.hbase.client.TestFromClientSideNoCodec	4.757	3.04	4.403	4.898	5.211
org.apache.hadoop.hbase.security.token.TestDelegationTokenWithEncryption	4.772	5.299	3.989	4.631	5.173
org.apache.hadoop.hbase.client.TestAsyncRegionLocator	3.8	4.382	4.274	4.544	5.116
org.apache.hadoop.hbase.io.hfile.TestHFileBlockIndex	4.565	4.348	4.45	4.459	5.107
org.apache.hadoop.hbase.regionserver.TestHStoreFile	5.047	4.98	5.086	4.947	5.047
org.apache.hadoop.hbase.master.snapshot.TestSnapshotWhileRSCrashes	3.632	4.353	4.265	4.487	4.936
org.apache.hadoop.hbase.filter.TestFuzzyRowAndColumnRangeFilter	3.549	4.177	4.03	3.675	4.902
org.apache.hadoop.hbase.regionserver.TestSecureBulkLoadManager	5.484	4.809	5.369	4.877	4.857
org.apache.hadoop.hbase.security.visibility.TestVisibilityLablesWithGroups	5.471	3.935	3.675	3.526	4.834
org.apache.hadoop.hbase.client.TestAsyncMetaRegionLocator	4.217	4.838	5.149	4.049	4.817
org.apache.hadoop.hbase.coprocessor.TestCoprocessorInterface	4.593	4.761	4.836	4.762	4.807
org.apache.hadoop.hbase.regionserver.TestScanner	4.692	4.649	4.478	4.817	4.703
org.apache.hadoop.hbase.coprocessor.TestIncrementTimeRange	3.678	3.641	4.966	5.288	4.592
org.apache.hadoop.hbase.TestClientClusterMetrics	5.881	5.034	4.496	4.935	4.57
org.apache.hadoop.hbase.regionserver.wal.TestDurability	4.535	4.283	4.779	3.306	4.502
org.apache.hadoop.hbase.wal.TestWrongMetaWALFileName	4.409	2.649	2.557	2.633	4.412
org.apache.hadoop.hbase.filter.TestFilterWrapper	3.658	3.724	3.745	3.71	4.36
org.apache.hadoop.hbase.filter.TestScanRowPrefix	5.754	5.944	4.355	4.737	4.328
org.apache.hadoop.hbase.security.visibility.TestEnforcingScanLabelGenerator	3.41	2.748	2.639	2.914	4.318
org.apache.hadoop.hbase.client.TestAsyncTableNoncedRetry	4.431	4.492	4.503	4.465	4.275
org.apache.hadoop.hbase.regionserver.TestSyncTimeRangeTracker	5.619	4.958	5.606	5.677	4.157
org.apache.hadoop.hbase.TestInfoServers	3.609	4.607	5.206	4.364	4.157
org.apache.hadoop.hbase.master.balancer.TestRegionLocationFinder	4.638	4.854	3.181	4.572	4.126
org.apache.hadoop.hbase.security.visibility.TestVisibilityWithCheckAuths	4.06	7.337	4.473	4.286	4.126
org.apache.hadoop.hbase.filter.TestFilterListOnMini	4.722	4.82	5.218	4.252	4.12
org.apache.hadoop.hbase.wal.TestFSHLogProvider	4.329	4.629	3.486	5.404	4.12
org.apache.hadoop.hbase.client.TestPutWithDelete	2.985	5.184	2.07	2.787	4.112
org.apache.hadoop.hbase.regionserver.wal.TestAsyncProtobufLog	4.251	4.021	3.71	4.014	4.073
org.apache.hadoop.hbase.client.TestAsyncTableRSCrashPublish	7.767	4.461	4.308	5.443	4.041
org.apache.hadoop.hbase.regionserver.TestPriorityRpc	3.886	3.62	3.719	4.252	4.039
org.apache.hadoop.hbase.master.TestLoadProcedureError	3.725	3.533	3.688	3.408	4.039
org.apache.hadoop.hbase.client.TestCheckAndMutate	6.247	6.791	5.756	3.905	4.023
org.apache.hadoop.hbase.regionserver.TestCleanupMetaWAL	5.472	3.915	4.187	4.4	3.992
org.apache.hadoop.hbase.security.access.TestNamespaceCommands	5.321	5.026	5.347	6.439	3.959
org.apache.hadoop.hbase.master.assignment.TestReportOnlineRegionsRace	3.456	3.11	2.559	3.811	3.955
org.apache.hadoop.hbase.client.TestSplitOrMergeStatus	5.146	5.377	6.154	5.311	3.929
org.apache.hadoop.hbase.master.assignment.TestReportRegionStateTransitionRetry	4.549	4.151	4.034	4.507	3.92
org.apache.hadoop.hbase.replication.TestVerifyCellsReplicationEndpoint	3.148	3.99	3.895	4.229	3.899
org.apache.hadoop.hbase.TestClientOperationTimeout	3.239	4.2	4.306	4.829	3.885
org.apache.hadoop.hbase.monitoring.TestTaskMonitor	3.824	3.863	3.802	3.826	3.844
org.apache.hadoop.hbase.regionserver.TestWALMonotonicallyIncreasingSeqId	3.726	3.8	3.744	3.791	3.803
org.apache.hadoop.hbase.regionserver.TestDefaultMemStore	3.845	4.131	3.679	3.594	3.794
org.apache.hadoop.hbase.coprocessor.TestPostIncrementAndAppendBeforeWAL	3.741	2.94	3.478	3.734	3.782
org.apache.hadoop.hbase.ipc.TestBlockingIPC	3.662	3.673	3.643	3.674	3.774
org.apache.hadoop.hbase.ipc.TestNettyRpcServer	2.621	3.524	3.419	2.431	3.745
org.apache.hadoop.hbase.client.TestAsyncNonMetaRegionLocatorConcurrenyLimit	3.689	3.572	3.735	3.466	3.739
org.apache.hadoop.hbase.regionserver.TestStoreFileRefresherChore	3.583	3.573	3.584	3.591	3.735
org.apache.hadoop.hbase.io.hfile.TestScannerFromBucketCache	3.754	3.777	3.657	3.724	3.702
org.apache.hadoop.hbase.regionserver.TestHMobStore	3.936	4.215	3.363	3.446	3.689
org.apache.hadoop.hbase.regionserver.TestKeepDeletes	3.712	3.646	3.609	3.746	3.683
org.apache.hadoop.hbase.regionserver.compactions.TestCompactedHFilesDischarger	3.511	3.764	3.58	3.574	3.66
org.apache.hadoop.hbase.regionserver.TestReversibleScanners	3.214	3.442	3.284	3.666	3.571
org.apache.hadoop.hbase.client.TestShortCircuitConnection	4.02	4.289	3.649	2.846	3.537
org.apache.hadoop.hbase.security.access.TestAccessController3	5.04	3.517	3.212	4.091	3.514
org.apache.hadoop.hbase.regionserver.compactions.TestStripeCompactionPolicy	3.547	3.55	3.511	3.581	3.496
org.apache.hadoop.hbase.client.TestFastFail	4.334	4.126	3.719	3.927	3.454
org.apache.hadoop.hbase.filter.TestMultipleColumnPrefixFilter	3.419	3.438	3.516	3.557	3.448
org.apache.hadoop.hbase.security.visibility.TestVisibilityLabelsWithSLGStack	3.832	3.007	3.415	3.905	3.435
org.apache.hadoop.hbase.regionserver.TestBlocksScanned	3.342	3.482	3.517	3.475	3.432
org.apache.hadoop.hbase.regionserver.TestScannerWithCorruptHFile	4.886	3.371	3.535	3.68	3.418
org.apache.hadoop.hbase.client.TestAsyncQuotaAdminApi	3.178	2.725	3.387	2.729	3.336
org.apache.hadoop.hbase.regionserver.TestHRegionInfo	3.276	3.256	3.287	3.252	3.317
org.apache.hadoop.hbase.regionserver.TestRecoveredEditsReplayAndAbort	3.265	3.229	3.096	3.216	3.292
org.apache.hadoop.hbase.regionserver.TestRegionInfoBuilder	3.193	3.18	3.138	3.127	3.203
org.apache.hadoop.hbase.TestServerSideScanMetricsFromClientSide	3.148	3.01	3.493	3.107	3.195
org.apache.hadoop.hbase.master.assignment.TestModifyTableWhileMerging	3.245	3.345	2.899	2.849	3.194
org.apache.hadoop.hbase.regionserver.TestSwitchToStreamRead	3.336	3.401	3.251	4.001	3.191
org.apache.hadoop.hbase.master.locking.TestLockManager	3.164	3.749	3.274	3.976	3.182
org.apache.hadoop.hbase.security.token.TestTokenAuthentication	3.67	3.649	3.466	3.305	3.163
org.apache.hadoop.hbase.coprocessor.TestMasterCoprocessorExceptionWithAbort	3.501	3.365	3.081	3.177	3.155
org.apache.hadoop.hbase.quotas.TestSpaceQuotaOnNonExistingTables	3.246	2.975	2.68	2.986	3.114
org.apache.hadoop.hbase.regionserver.TestCompactionArchiveConcurrentClose	3.152	3.125	3.274	3.317	3.089
org.apache.hadoop.hbase.regionserver.TestMinorCompaction	3.022	2.926	3.117	3.123	2.993
org.apache.hadoop.hbase.executor.TestExecutorService	3.11	3.096	2.989	3.005	2.992
org.apache.hadoop.hbase.security.visibility.TestDefaultScanLabelGeneratorStack	3.531	2.771	3.228	3.116	2.924
org.apache.hadoop.hbase.master.TestMasterStatusServlet	2.508	2.674	2.541	2.664	2.913
org.apache.hadoop.hbase.wal.TestRaceBetweenGetWALAndGetWALs	2.959	2.844	2.908	2.895	2.88
org.apache.hadoop.hbase.regionserver.TestStripeStoreFileManager	2.904	2.84	2.836	2.97	2.848
org.apache.hadoop.hbase.regionserver.TestBlocksRead	2.84	2.882	2.679	2.494	2.798
org.apache.hadoop.hbase.filter.TestColumnPrefixFilter	2.751	2.859	2.899	2.816	2.792
org.apache.hadoop.hbase.client.TestRawAsyncTablePartialScan	1.998	2.363	2.885	2.371	2.772
org.apache.hadoop.hbase.client.TestClientTimeouts	2.204	2.149	2.685	1.608	2.743
org.apache.hadoop.hbase.coprocessor.TestAppendTimeRange	4.187	3.045	4.257	3.631	2.723
org.apache.hadoop.hbase.regionserver.TestRegionSplitPolicy	2.661	2.67	2.64	2.746	2.716
org.apache.hadoop.hbase.io.hfile.TestHFileEncryption	2.634	2.584	2.534	2.689	2.637
org.apache.hadoop.hbase.util.TestHBaseFsckReplication	2.99	3.764	6.304	3.636	2.612
org.apache.hadoop.hbase.util.compaction.TestMajorCompactionRequest	2.534	2.574	2.577	2.581	2.609
org.apache.hadoop.hbase.procedure.TestProcedureManager	1.418	1.457	1.34	1.69	2.604
org.apache.hadoop.hbase.master.cleaner.TestReplicationBarrierCleaner	2.104	2.153	2.788	2.933	2.568
org.apache.hadoop.hbase.client.TestGetScanColumnsWithNewVersionBehavior	1.355	2.023	0.972	2.254	2.565
org.apache.hadoop.hbase.master.normalizer.TestSimpleRegionNormalizer	2.227	2.26	2.288	2.216	2.558
org.apache.hadoop.hbase.client.TestGetScanPartialResult	2.265	1.812	1.858	1.513	2.549
org.apache.hadoop.hbase.regionserver.compactions.TestStripeCompactor	2.53	2.532	2.576	2.6	2.538
org.apache.hadoop.hbase.io.hfile.TestHFileSeek	2.01	2.155	2.036	2.199	2.5
org.apache.hadoop.hbase.regionserver.TestMobStoreCompaction	3.128	2.76	2.789	3.432	2.429
org.apache.hadoop.hbase.regionserver.TestMinVersions	2.433	2.35	2.337	2.398	2.428
org.apache.hadoop.hbase.client.TestAsyncAccessControlAdminApi	2.157	2.421	2.615	1.502	2.418
org.apache.hadoop.hbase.client.TestAsyncTableLocatePrefetch	2.674	2.375	2.253	3.201	2.409
org.apache.hadoop.hbase.replication.regionserver.TestSerialReplicationChecker	2.953	3.545	3.431	2.929	2.352
org.apache.hadoop.hbase.TestJMXListener	2.584	1.374	1.716	1.785	2.339
org.apache.hadoop.hbase.coprocessor.TestCoreMasterCoprocessor	2.29	2.812	2.326	2.428	2.335
org.apache.hadoop.hbase.client.TestRegionLocator	2.621	1.54	1.643	2.177	2.333
org.apache.hadoop.hbase.regionserver.TestRegionServerNoMaster	1.844	2.06	2.153	1.398	2.319
org.apache.hadoop.hbase.regionserver.TestFailedAppendAndSync	2.401	2.535	2.333	2.324	2.308
org.apache.hadoop.hbase.security.token.TestGenerateDelegationToken	1.643	2.123	1.922	1.563	2.303
org.apache.hadoop.hbase.filter.TestFilterList	2.313	2.182	2.183	2.278	2.292
org.apache.hadoop.hbase.client.TestZKAsyncRegistry	2.597	1.933	2.231	2.145	2.245
org.apache.hadoop.hbase.master.procedure.TestMasterProcedureEvents	3.473	2.598	2.028	2.815	2.245
org.apache.hadoop.hbase.client.TestAsyncTableScanException	2.884	2.074	2.281	2.418	2.233
org.apache.hadoop.hbase.coprocessor.TestRegionObserverStacking	7.222	2.175	2.164	2.168	2.216
org.apache.hadoop.hbase.client.TestRawAsyncTableLimitedScanWithFilter	2.205	1.732	2.886	2.452	2.213
org.apache.hadoop.hbase.regionserver.TestRowPrefixBloomFilter	2.211	2.219	2.21	2.257	2.211
org.apache.hadoop.hbase.io.hfile.TestHFileWriterV3	2.065	2.126	2.094	2.179	2.198
org.apache.hadoop.hbase.quotas.TestQuotaTableUtil	2.554	2.901	2.669	2.729	2.188
org.apache.hadoop.hbase.quotas.TestFileSystemUtilizationChore	2.051	2.069	2.005	2.132	2.182
org.apache.hadoop.hbase.TestMetaTableAccessorNoCluster	2.162	2.181	7.159	2.137	2.161
org.apache.hadoop.hbase.regionserver.TestGetClosestAtOrBefore	2.159	2.046	2.017	2.128	2.16
org.apache.hadoop.hbase.TestClientClusterStatus	1.943	1.643	1.982	2.401	2.16
org.apache.hadoop.hbase.regionserver.TestResettingCounters	2.088	2.075	2.091	2.074	2.149
org.apache.hadoop.hbase.master.procedure.TestFastFailOnProcedureNotRegistered	1.188	1.704	1.621	1.619	2.143
org.apache.hadoop.hbase.master.TestMasterQosFunction	2.062	2.062	2.045	2.076	2.115
org.apache.hadoop.hbase.client.TestAsyncTableScannerCloseWhileSuspending	1.818	2.024	1.737	2.155	2.11
org.apache.hadoop.hbase.regionserver.TestServerNonceManager	1.8	2.156	2.103	2.127	2.095
org.apache.hadoop.hbase.security.visibility.TestVisibilityLabelsOpWithDifferentUsersNoACL	1.841	1.37	1.241	1.429	2.056
org.apache.hadoop.hbase.client.TestLimitedScanWithFilter	2.483	2.117	2.145	2.257	2.049
org.apache.hadoop.hbase.regionserver.TestCacheOnWriteInSchema	2.159	2.028	2.074	2.093	2.045
org.apache.hadoop.hbase.regionserver.TestScanWithBloomError	1.986	1.965	1.962	1.965	2.041
org.apache.hadoop.hbase.mob.TestMobFileCache	2.049	2.002	2.009	2.097	2.026
org.apache.hadoop.hbase.regionserver.compactions.TestDateTieredCompactor	1.984	2.019	1.988	2.038	2.02
org.apache.hadoop.hbase.regionserver.TestWideScanner	1.948	2.022	1.938	2.173	2.014
org.apache.hadoop.hbase.master.cleaner.TestCleanerChore	2.042	1.954	1.926	1.963	2.008
org.apache.hadoop.hbase.ipc.TestProtoBufRpc	1.955	1.964	2.101	1.752	1.993
org.apache.hadoop.hbase.regionserver.TestMemStoreSegmentsIterator	1.931	1.907	1.908	1.921	1.96
org.apache.hadoop.hbase.util.TestFSTableDescriptors	1.988	1.828	1.945	1.855	1.955
org.apache.hadoop.hbase.regionserver.TestRSStatusServlet	1.925	1.944	1.968	2.011	1.944
org.apache.hadoop.hbase.filter.TestDependentColumnFilter	1.888	1.871	1.886	1.972	1.924
org.apache.hadoop.hbase.io.encoding.TestSeekBeforeWithReverseScan	1.655	1.71	1.706	1.728	1.914
org.apache.hadoop.hbase.client.TestMultiActionMetricsFromClient	1.629	1.759	2.282	2.369	1.898
org.apache.hadoop.hbase.io.hfile.TestSeekTo	1.837	1.856	1.876	1.914	1.879
org.apache.hadoop.hbase.master.TestNewStartedRegionServerVersion	2.49	2.403	2.513	2.889	1.876
org.apache.hadoop.hbase.regionserver.wal.TestProtobufLog	1.418	2.116	1.561	1.713	1.867
org.apache.hadoop.hbase.regionserver.TestBulkLoad	1.873	1.877	1.85	2.035	1.856
org.apache.hadoop.hbase.filter.TestFilterSerialization	1.828	1.852	1.783	2.091	1.854
org.apache.hadoop.hbase.io.hfile.TestScannerSelectionUsingKeyRange	1.912	1.909	1.994	1.936	1.843
org.apache.hadoop.hbase.regionserver.TestDateTieredCompactionPolicy	1.898	1.82	1.819	1.846	1.824
org.apache.hadoop.hbase.coprocessor.TestRegionObserverPreFlushAndPreCompact	1.775	1.806	1.792	1.872	1.815
org.apache.hadoop.hbase.master.TestShutdownWithNoRegionServer	1.41	1.994	2.202	1.41	1.806
org.apache.hadoop.hbase.client.TestAsyncAdminMasterSwitch	2.713	2.543	2.186	2.033	1.779
org.apache.hadoop.hbase.master.assignment.TestAssignmentManagerUtil	1.741	2.201	1.328	2.342	1.779
org.apache.hadoop.hbase.regionserver.TestQosFunction	1.562	1.611	1.563	1.572	1.754
org.apache.hadoop.hbase.client.TestIntraRowPagination	1.622	1.636	1.616	1.64	1.743
org.apache.hadoop.hbase.quotas.TestSpaceQuotaViolationPolicyRefresherChore	1.645	1.618	1.701	1.645	1.732
org.apache.hadoop.hbase.client.TestAsyncTableScanMetrics	2.588	3.234	2.191	2.214	1.724
org.apache.hadoop.hbase.tool.coprocessor.CoprocessorValidatorTest	1.805	1.791	1.782	1.783	1.72
org.apache.hadoop.hbase.quotas.TestMasterQuotasObserverWithMocks	1.725	1.732	1.789	1.712	1.714
org.apache.hadoop.hbase.client.TestGetProcedureResult	1.567	1.408	1.901	1.759	1.713
org.apache.hadoop.hbase.coprocessor.TestRegionCoprocessorHost	1.675	1.686	1.626	1.761	1.707
org.apache.hadoop.hbase.security.access.TestUnloadAccessController	1.925	1.695	2.002	1.742	1.707
org.apache.hadoop.hbase.wal.TestWALReaderOnSecureWAL	1.775	1.803	1.759	1.715	1.686
org.apache.hadoop.hbase.regionserver.TestStripeStoreEngine	1.631	1.619	1.612	1.611	1.681
org.apache.hadoop.hbase.io.hfile.TestHFileDataBlockEncoder	1.667	1.674	1.67	1.803	1.668
org.apache.hadoop.hbase.client.TestResultFromCoprocessor	1.297	1.864	1.103	1.626	1.663
org.apache.hadoop.hbase.master.TestGetReplicationLoad	0.746	1.288	1.263	1.289	1.649
org.apache.hadoop.hbase.regionserver.TestRegionServerOnlineConfigChange	1.664	1.388	1.837	2.851	1.648
org.apache.hadoop.hbase.master.TestMasterMetrics	1.998	1.281	1.992	1.3	1.605
org.apache.hadoop.hbase.wal.TestSecureWAL	2.02	2.149	2.225	2.085	1.6
org.apache.hadoop.hbase.io.asyncfs.TestOverwriteFileUnderConstruction	1.54	1.564	1.548	1.447	1.593
org.apache.hadoop.hbase.filter.TestInvocationRecordFilter	1.567	1.563	1.585	1.669	1.59
org.apache.hadoop.hbase.regionserver.TestDataBlockEncodingTool	1.566	1.557	1.711	1.574	1.589
org.apache.hadoop.hbase.quotas.TestTablesWithQuotas	1.489	1.52	1.518	1.561	1.579
org.apache.hadoop.hbase.filter.TestQualifierFilterWithEmptyQualifier	1.542	1.574	1.615	1.594	1.575
org.apache.hadoop.hbase.master.TestDeadServer	2.984	1.671	1.499	1.737	1.571
org.apache.hadoop.hbase.client.TestScanWithoutFetchingData	2.065	1.051	1.112	1.629	1.558
org.apache.hadoop.hbase.master.TestMasterCoprocessorServices	1.444	1.522	1.48	1.532	1.507
org.apache.hadoop.hbase.regionserver.TestEncryptionRandomKeying	1.907	2.36	1.485	1.844	1.503
org.apache.hadoop.hbase.io.hfile.TestLruBlockCache	1.48	1.488	1.534	1.502	1.501
org.apache.hadoop.hbase.master.TestMasterFileSystemWithWALDir	0.774	1.636	2.43	2.384	1.495
org.apache.hadoop.hbase.coprocessor.TestCoprocessorConfiguration	1.428	1.468	1.481	1.559	1.494
org.apache.hadoop.hbase.client.TestAsyncTableRegionLocator	1.797	2.584	1.981	2.638	1.471
org.apache.hadoop.hbase.procedure.TestZKProcedureControllers	1.754	1.39	1.431	1.393	1.471
org.apache.hadoop.hbase.regionserver.wal.TestWALDurability	1.478	1.446	1.5	1.459	1.456
org.apache.hadoop.hbase.master.balancer.TestBalancerStatusTagInJMXMetrics	1.222	1.025	1.422	1.235	1.43
org.apache.hadoop.hbase.master.TestMasterMetricsWrapper	1.322	1.698	1.441	0.967	1.412
org.apache.hadoop.hbase.client.TestCIBadHostname	0.97	1.68	1.693	1.183	1.405
org.apache.hadoop.hbase.regionserver.TestDefaultStoreEngine	1.294	1.379	1.259	1.312	1.391
org.apache.hadoop.hbase.util.TestBoundedPriorityBlockingQueue	1.369	1.395	1.359	1.379	1.383
org.apache.hadoop.hbase.TestSerialization	1.4	1.335	1.33	1.368	1.373
org.apache.hadoop.hbase.client.locking.TestEntityLocks	1.367	1.371	1.391	1.362	1.372
org.apache.hadoop.hbase.quotas.policies.TestBulkLoadCheckingViolationPolicyEnforcement	1.563	1.446	1.315	1.362	1.37
org.apache.hadoop.hbase.security.TestUser	1.111	1.096	1.222	1.173	1.353
org.apache.hadoop.hbase.coprocessor.TestIncrementAndAppendWithNullResult	2.084	2.578	2.704	1.985	1.35
org.apache.hadoop.hbase.master.TestClockSkewDetection	1.237	1.227	1.256	1.232	1.337
org.apache.hadoop.hbase.replication.regionserver.TestReplicationSinkManager	1.322	1.365	1.344	1.425	1.334
org.apache.hadoop.hbase.io.hfile.bucket.TestBucketWriterThread	1.271	1.452	1.288	1.339	1.321
org.apache.hadoop.hbase.regionserver.TestFlushRegionEntry	1.266	1.266	1.224	1.291	1.317
org.apache.hadoop.hbase.regionserver.TestRegionServerRegionSpaceUseReport	1.258	1.229	1.228	1.278	1.307
org.apache.hadoop.hbase.wal.TestWALMethods	1.255	1.235	1.238	1.265	1.292
org.apache.hadoop.hbase.regionserver.TestDefaultCompactSelection	1.252	1.272	1.26	1.272	1.29
org.apache.hadoop.hbase.constraint.TestConstraints	1.4	1.122	0.925	0.96	1.281
org.apache.hadoop.hbase.master.TestRegionPlacement2	1.803	1.582	2.628	3.784	1.274
org.apache.hadoop.hbase.util.TestFSVisitor	1.251	1.298	1.277	1.247	1.268
org.apache.hadoop.hbase.filter.TestParseFilter	1.293	1.217	1.201	1.365	1.265
org.apache.hadoop.hbase.quotas.TestTableQuotaViolationStore	1.263	1.234	1.202	1.279	1.264
org.apache.hadoop.hbase.client.TestAsyncToolAdminApi	1.962	1.572	2.062	1.39	1.256
org.apache.hadoop.hbase.quotas.TestNamespaceQuotaViolationStore	1.23	1.234	1.193	1.225	1.253
org.apache.hadoop.hbase.protobuf.TestProtobufUtil	1.284	1.224	1.222	1.23	1.237
org.apache.hadoop.hbase.io.hfile.TestLazyDataBlockDecompression	1.2	1.218	1.199	1.226	1.203
org.apache.hadoop.hbase.io.hfile.TestFixedFileTrailer	1.172	1.197	1.281	1.228	1.198
org.apache.hadoop.hbase.regionserver.wal.TestSyncFuture	1.18	1.194	1.186	1.193	1.189
org.apache.hadoop.hbase.filter.TestComparatorSerialization	1.161	1.155	1.156	1.209	1.187
org.apache.hadoop.hbase.TestMetaTableLocator	1.217	1.278	1.189	1.071	1.185
org.apache.hadoop.hbase.coprocessor.TestCoprocessorShortCircuitRPC	1.729	1.268	2.454	1.328	1.179
org.apache.hadoop.hbase.master.balancer.TestDefaultLoadBalancer	0.755	1.071	0.752	0.873	1.171
org.apache.hadoop.hbase.coprocessor.TestCoreRegionCoprocessor	1.087	1.107	1.111	1.196	1.154
org.apache.hadoop.hbase.regionserver.throttle.TestStoreHotnessProtector	1.111	1.085	1.079	1.088	1.145
org.apache.hadoop.hbase.replication.regionserver.TestDumpReplicationQueues	1.09	1.108	1.118	1.149	1.139
org.apache.hadoop.hbase.mob.TestCachedMobFile	1.108	1.112	1.127	1.14	1.129
org.apache.hadoop.hbase.quotas.TestTableSpaceQuotaViolationNotifier	1.058	1.048	1.04	1.043	1.127
org.apache.hadoop.hbase.regionserver.wal.TestMetricsWAL	1.105	1.145	1.117	1.128	1.126
org.apache.hadoop.hbase.io.TestHalfStoreFileReader	1.101	1.131	1.112	1.142	1.125
org.apache.hadoop.hbase.io.hfile.TestChecksum	1.07	1.116	1.101	1.181	1.102
org.apache.hadoop.hbase.io.hfile.TestReseekTo	1.289	1.116	1.087	1.565	1.095
org.apache.hadoop.hbase.util.TestHFileArchiveUtil	1.016	1.072	1.049	1.072	1.082
org.apache.hadoop.hbase.io.hfile.TestHFilePrettyPrinter	1.1	1.1	1.093	1.158	1.08
org.apache.hadoop.hbase.wal.TestWALRootDir	0.942	0.863	0.935	0.975	1.053
org.apache.hadoop.hbase.replication.TestReplicationWALEntryFilters	1.065	1.01	1.025	1.056	1.048
org.apache.hadoop.hbase.mob.TestMobFile	1.021	1.024	1.045	1.071	1.046
org.apache.hadoop.hbase.filter.TestSingleColumnValueFilter	1.007	1.025	0.997	1.028	1.041
org.apache.hadoop.hbase.regionserver.wal.TestWALConfiguration	1.005	0.992	1.003	1.013	1.036
org.apache.hadoop.hbase.coprocessor.TestCoprocessorStop	2.291	0.866	1.458	1.331	1.036
org.apache.hadoop.hbase.regionserver.TestDateTieredCompactionPolicyOverflow	0.983	0.975	0.978	0.978	1.034
org.apache.hadoop.hbase.client.TestAlwaysSetScannerId	1.831	1.935	1.035	1.741	1.02
org.apache.hadoop.hbase.master.procedure.TestMasterProcedureScheduler	1.076	1.014	1.001	1.004	1.008
org.apache.hadoop.hbase.io.hfile.TestHFile	1.013	1.003	0.987	1.07	0.999
org.apache.hadoop.hbase.procedure.TestProcedure	1.09	0.981	0.973	0.997	0.99
org.apache.hadoop.hbase.quotas.TestMasterQuotaManager	0.992	0.994	0.958	0.989	0.985
org.apache.hadoop.hbase.mob.TestMobFileLink	0.928	0.921	0.923	0.945	0.985
org.apache.hadoop.hbase.io.hfile.TestHFileInlineToRootChunkConversion	0.927	0.937	0.984	0.965	0.978
org.apache.hadoop.hbase.quotas.TestRegionServerSpaceQuotaManager	0.962	0.976	0.953	0.979	0.971
org.apache.hadoop.hbase.regionserver.TestMetricsRegionServer	0.967	0.947	1.055	0.949	0.969
org.apache.hadoop.hbase.regionserver.TestStoreScanner	0.864	0.731	0.91	0.786	0.966
org.apache.hadoop.hbase.quotas.TestActivePolicyEnforcement	0.938	0.953	0.949	0.977	0.959
org.apache.hadoop.hbase.ipc.TestCallRunner	0.929	0.94	0.93	0.97	0.956
org.apache.hadoop.hbase.io.hfile.TestHFileBlockPositionalRead	0.975	0.949	0.931	1.021	0.95
org.apache.hadoop.hbase.replication.regionserver.TestWALEntrySinkFilter	0.95	0.981	0.941	1.024	0.946
org.apache.hadoop.hbase.ipc.TestBufferChain	0.93	0.911	0.894	0.907	0.945
org.apache.hadoop.hbase.quotas.TestQuotaObserverChore	0.904	0.884	0.906	0.877	0.918
org.apache.hadoop.hbase.filter.TestColumnPaginationFilter	0.895	0.896	0.918	0.918	0.911
org.apache.hadoop.hbase.procedure.TestProcedureMember	0.91	0.865	0.863	0.883	0.864
org.apache.hadoop.hbase.util.TestBloomFilterChunk	0.824	0.811	0.848	0.857	0.848
org.apache.hadoop.hbase.master.TestShutdownBackupMaster	1.032	0.848	0.948	1.514	0.837
org.apache.hadoop.hbase.master.TestActiveMasterManager	0.873	0.837	0.828	0.828	0.836
org.apache.hadoop.hbase.security.TestUsersOperationsWithSecureHadoop	0.916	0.853	0.81	0.859	0.834
org.apache.hadoop.hbase.master.cleaner.TestReplicationHFileCleaner	0.811	0.817	0.801	0.811	0.828
org.apache.hadoop.hbase.regionserver.TestMultiLogThreshold	0.77	0.984	1.018	0.829	0.816
org.apache.hadoop.hbase.regionserver.wal.TestWALOpenError	0.809	0.943	0.94	0.988	0.795
org.apache.hadoop.hbase.util.TestEncryptionTest	0.776	0.788	0.779	0.802	0.786
org.apache.hadoop.hbase.master.balancer.TestBaseLoadBalancer	0.849	0.724	0.721	0.72	0.748
org.apache.hadoop.hbase.errorhandling.TestTimeoutExceptionInjector	0.758	0.705	0.702	0.72	0.734
org.apache.hadoop.hbase.TestFSTableDescriptorForceCreation	0.718	0.716	0.746	0.747	0.728
org.apache.hadoop.hbase.io.hfile.TestLruCachedBlock	0.935	0.682	0.697	0.704	0.727
org.apache.hadoop.hbase.io.encoding.TestSeekToBlockWithEncoders	0.723	0.71	0.693	0.755	0.723
org.apache.hadoop.hbase.regionserver.querymatcher.TestUserScanQueryMatcher	0.712	0.69	0.757	0.727	0.713
org.apache.hadoop.hbase.io.hfile.TestBlockCacheReporting	0.581	0.624	0.586	0.617	0.692
org.apache.hadoop.hbase.security.token.TestAuthenticationKey	0.689	0.693	0.69	0.715	0.684
org.apache.hadoop.hbase.snapshot.TestSnapshotDescriptionUtils	0.666	0.647	0.663	0.638	0.664
org.apache.hadoop.hbase.errorhandling.TestForeignExceptionDispatcher	0.672	0.657	0.654	0.664	0.659
org.apache.hadoop.hbase.regionserver.wal.TestWALActionsListener	0.641	0.675	5.678	0.659	0.643
org.apache.hadoop.hbase.regionserver.TestRegionServerAccounting	0.637	0.726	0.632	0.637	0.639
org.apache.hadoop.hbase.ipc.TestRpcMetrics	0.584	0.598	0.581	0.676	0.589
org.apache.hadoop.hbase.io.asyncfs.TestLocalAsyncOutput	0.577	0.582	0.578	0.591	0.584
org.apache.hadoop.hbase.quotas.TestRateLimiter	0.634	0.573	0.553	0.571	0.58
org.apache.hadoop.hbase.master.snapshot.TestSnapshotHFileCleaner	0.562	0.552	0.577	0.562	0.571
org.apache.hadoop.hbase.client.TestUpdateConfiguration	0.548	0.59	0.527	0.555	0.567
org.apache.hadoop.hbase.util.TestStealJobQueue	0.564	0.572	0.568	0.571	0.563
org.apache.hadoop.hbase.TestIPv6NIOServerSocketChannel	0.55	0.55	0.532	0.538	0.557
org.apache.hadoop.hbase.regionserver.TestStoreFileInfo	0.548	0.542	0.531	0.548	0.556
org.apache.hadoop.hbase.util.TestCompressionTest	0.517	0.56	0.542	0.534	0.549
org.apache.hadoop.hbase.quotas.TestQuotaState	0.507	0.546	0.509	0.515	0.545
org.apache.hadoop.hbase.procedure.TestProcedureDescriber	0.458	0.486	0.507	0.465	0.537
org.apache.hadoop.hbase.filter.TestRegexComparator	0.496	0.519	0.499	0.505	0.495
org.apache.hadoop.hbase.regionserver.TestMetricsHeapMemoryManager	0.494	0.48	0.481	0.484	0.491
org.apache.hadoop.hbase.regionserver.TestStoreFileScannerWithTagCompression	0.477	0.481	0.481	0.481	0.488
org.apache.hadoop.hbase.procedure.TestProcedureCoordinator	0.474	0.473	0.464	0.498	0.488
org.apache.hadoop.hbase.regionserver.TestMetricsTableLatencies	0.473	0.58	0.483	0.516	0.473
org.apache.hadoop.hbase.client.TestResult	0.492	0.472	0.494	0.46	0.47
org.apache.hadoop.hbase.util.TestLossyCounting	0.461	0.554	0.464	0.482	0.464
org.apache.hadoop.hbase.util.TestRegionSplitCalculator	0.478	0.461	0.449	0.494	0.458
org.apache.hadoop.hbase.TestServerName	0.454	0.448	0.435	0.456	0.451
org.apache.hadoop.hbase.filter.TestRandomRowFilter	0.491	0.512	0.44	0.459	0.446
org.apache.hadoop.hbase.regionserver.TestRpcSchedulerFactory	0.445	0.448	0.461	0.456	0.445
org.apache.hadoop.hbase.regionserver.TestMetricsRegion	0.414	0.403	0.403	0.419	0.438
org.apache.hadoop.hbase.regionserver.querymatcher.TestExplicitColumnTracker	0.448	0.429	0.434	0.432	0.429
org.apache.hadoop.hbase.io.TestMetricsIO	0.447	0.428	0.423	0.431	0.427
org.apache.hadoop.hbase.regionserver.TestSimpleTimeRangeTracker	0.433	0.435	0.464	0.425	0.425
org.apache.hadoop.hbase.util.TestConfigurationUtil	0.417	0.424	0.421	0.429	0.42
org.apache.hadoop.hbase.regionserver.querymatcher.TestScanDeleteTracker	0.436	0.42	0.42	0.427	0.417
org.apache.hadoop.hbase.coprocessor.TestCoprocessorHost	0.411	0.411	0.436	0.408	0.413
org.apache.hadoop.hbase.client.TestPutDeleteEtcCellIteration	0.394	0.398	0.375	0.378	0.38
org.apache.hadoop.hbase.filter.TestFuzzyRowFilter	0.382	0.384	0.37	0.454	0.38
org.apache.hadoop.hbase.regionserver.TestMasterAddressTracker	0.368	0.398	0.353	0.364	0.379
org.apache.hadoop.hbase.regionserver.querymatcher.TestCompactionScanQueryMatcher	0.371	0.378	0.411	0.376	0.378
org.apache.hadoop.hbase.TestServerMetrics	0.392	0.432	0.407	0.379	0.374
org.apache.hadoop.hbase.TestServerLoad	0.365	0.365	0.362	0.425	0.371
org.apache.hadoop.hbase.regionserver.TestSCVFWithMiniCluster	0.295	0.282	0.411	0.439	0.368
org.apache.hadoop.hbase.regionserver.TestStoreScannerClosure	0.33	0.409	0.345	0.357	0.352
org.apache.hadoop.hbase.io.hfile.bucket.TestByteBufferIOEngine	0.357	0.329	0.381	0.327	0.35
org.apache.hadoop.hbase.zookeeper.TestZooKeeperACL	0.418	0.394	0.333	0.384	0.344
org.apache.hadoop.hbase.io.hfile.bucket.TestFileIOEngine	0.327	0.337	0.345	0.352	0.342
org.apache.hadoop.hbase.regionserver.wal.TestWALCellCodecWithCompression	0.332	0.381	0.33	0.346	0.341
org.apache.hadoop.hbase.ipc.TestHBaseClient	0.33	0.354	0.354	0.328	0.341
org.apache.hadoop.hbase.io.TestHeapSize	0.372	0.348	0.335	0.344	0.336
org.apache.hadoop.hbase.filter.TestBitComparator	0.331	0.339	0.324	0.36	0.333
org.apache.hadoop.hbase.filter.TestFilterFromRegionSide	0.4	0.351	0.317	0.37	0.323
org.apache.hadoop.hbase.security.token.TestTokenUtil	0.354	0.312	0.312	0.328	0.321
org.apache.hadoop.hbase.regionserver.querymatcher.TestNewVersionBehaviorTracker	0.338	0.326	0.308	0.321	0.316
org.apache.hadoop.hbase.regionserver.TestCellFlatSet	0.338	0.317	0.309	0.346	0.316
org.apache.hadoop.hbase.replication.TestReplicationTrackerZKImpl	0.304	0.314	0.329	0.286	0.316
org.apache.hadoop.hbase.master.TestRegionState	0.282	0.286	0.335	0.28	0.314
org.apache.hadoop.hbase.TestHRegionLocation	0.302	0.37	0.3	0.361	0.31
org.apache.hadoop.hbase.quotas.TestGlobalQuotaSettingsImpl	0.308	0.343	0.3	0.311	0.305
org.apache.hadoop.hbase.filter.TestBigDecimalComparator	0.309	0.293	0.292	0.308	0.305
org.apache.hadoop.hbase.regionserver.wal.TestCompressor	0.297	0.286	0.29	0.31	0.301
org.apache.hadoop.hbase.TestSize	0.255	0.246	0.245	0.26	0.299
org.apache.hadoop.hbase.io.TestHFileLink	0.29	0.303	0.295	0.334	0.298
org.apache.hadoop.hbase.io.TestImmutableBytesWritable	0.284	0.294	0.291	0.33	0.297
org.apache.hadoop.hbase.mob.compactions.TestPartitionedMobCompactionRequest	0.235	0.241	0.236	0.251	0.294
org.apache.hadoop.hbase.regionserver.TestMemStoreChunkPool	0.282	0.288	0.283	0.29	0.293
org.apache.hadoop.hbase.regionserver.querymatcher.TestScanWildcardColumnTracker	0.289	0.289	0.294	0.294	0.292
org.apache.hadoop.hbase.security.visibility.TestExpressionParser	0.3	0.295	0.293	0.348	0.287
org.apache.hadoop.hbase.security.access.TestPermissionBuilder	0.299	0.289	0.307	0.288	0.287
org.apache.hadoop.hbase.master.TestClusterStatusPublisher	0.288	0.283	0.288	0.277	0.283
org.apache.hadoop.hbase.codec.TestCellMessageCodec	0.362	0.286	0.28	0.288	0.282
org.apache.hadoop.hbase.util.TestHBaseFsckComparator	0.284	0.281	0.276	0.293	0.281
org.apache.hadoop.hbase.util.TestSortedList	0.275	0.281	0.274	0.278	0.277
org.apache.hadoop.hbase.errorhandling.TestForeignExceptionSerialization	0.284	0.27	0.277	0.276	0.275
org.apache.hadoop.hbase.client.TestConnectionUtils	0.259	0.261	0.26	0.27	0.266
org.apache.hadoop.hbase.util.TestJSONMetricUtil	0.27	0.288	0.261	0.247	0.265
org.apache.hadoop.hbase.master.TestMasterNotCarryTable	0.252	0.194	0.475	0.29	0.265
org.apache.hadoop.hbase.regionserver.wal.TestCustomWALCellCodec	0.254	0.272	0.262	0.258	0.259
org.apache.hadoop.hbase.filter.TestPageFilter	0.265	0.251	0.255	0.267	0.258
org.apache.hadoop.hbase.regionserver.TestKeyValueScanFixture	0.232	0.234	0.237	0.24	0.255
org.apache.hadoop.hbase.client.TestCompleteResultScanResultCache	0.253	0.284	0.246	0.257	0.255
org.apache.hadoop.hbase.regionserver.TestCellSkipListSet	0.277	0.24	0.236	0.239	0.251
org.apache.hadoop.hbase.filter.TestNullComparator	0.259	0.241	0.282	0.294	0.25
org.apache.hadoop.hbase.io.hfile.TestCachedBlockQueue	0.243	0.248	0.243	0.254	0.248
org.apache.hadoop.hbase.regionserver.wal.TestFSWALEntry	0.228	0.234	0.234	0.231	0.248
org.apache.hadoop.hbase.ipc.TestRpcServer	0.243	0.25	0.261	0.253	0.248
org.apache.hadoop.hbase.filter.TestPrefixFilter	0.242	0.246	0.238	0.256	0.246
org.apache.hadoop.hbase.monitoring.TestMemoryBoundedLogMessageBuffer	0.249	0.239	0.235	0.245	0.237
org.apache.hadoop.hbase.io.hfile.TestCombinedBlockCache	0.225	0.231	0.228	0.223	0.235
org.apache.hadoop.hbase.master.balancer.TestServerAndLoad	0.225	0.223	0.248	0.224	0.235
org.apache.hadoop.hbase.TestTagRewriteCell	0.235	0.228	0.225	0.229	0.227
org.apache.hadoop.hbase.io.asyncfs.TestSendBufSizePredictor	0.18	0.219	0.182	0.186	0.226
org.apache.hadoop.hbase.master.TestHMasterCommandLine	0.226	0.222	0.221	0.221	0.226
org.apache.hadoop.hbase.favored.TestStartcodeAgnosticServerName	0.222	0.219	0.223	0.232	0.225
org.apache.hadoop.hbase.protobuf.TestReplicationProtobuf	0.262	0.223	0.222	0.223	0.223
org.apache.hadoop.hbase.io.encoding.TestDataBlockEncoding	0.212	0.212	0.207	0.204	0.222
org.apache.hadoop.hbase.regionserver.TestObservedExceptionsInBatch	0.238	0.209	0.215	0.206	0.222
org.apache.hadoop.hbase.io.hfile.bucket.TestFileMmapEngine	0.216	0.221	0.217	0.226	0.22
org.apache.hadoop.hbase.regionserver.TestMiniBatchOperationInProgress	0.217	0.215	0.213	0.211	0.22
org.apache.hadoop.hbase.coprocessor.TestReadOnlyConfiguration	0.217	0.215	0.213	0.214	0.216
org.apache.hadoop.hbase.filter.TestInclusiveStopFilter	0.214	0.214	0.212	0.23	0.215
org.apache.hadoop.hbase.conf.TestConfigurationManager	0.203	0.21	0.212	0.211	0.214
org.apache.hadoop.hbase.master.TestMetaFixerNoCluster	0.215	0.202	0.196	0.222	0.213
org.apache.hadoop.hbase.TestHDFSBlocksDistribution	0.223	0.219	0.213	0.222	0.212
org.apache.hadoop.hbase.util.TestDefaultEnvironmentEdge	0.249	0.213	0.207	0.2	0.211
org.apache.hadoop.hbase.util.TestByteBuffUtils	0.247	0.216	0.202	0.206	0.208
org.apache.hadoop.hbase.io.TestByteBufferOutputStream	0.2	0.207	0.204	0.207	0.204
org.apache.hadoop.hbase.security.token.TestZKSecretWatcherRefreshKeys	0.208	0.194	0.194	0.199	0.204
org.apache.hadoop.hbase.master.TestRegionPlan	0.203	0.202	0.197	0.202	0.201
org.apache.hadoop.hbase.regionserver.TestMultiVersionConcurrencyControlBasic	0.19	0.188	0.185	0.189	0.194
org.apache.hadoop.hbase.security.visibility.TestExpressionExpander	0.181	0.189	0.188	0.192	0.189
org.apache.hadoop.hbase.util.TestIncrementingEnvironmentEdge	0.182	0.188	0.187	0.186	0.185
org.apache.hadoop.hbase.ipc.TestRpcServerTraceLogging	0.179	0.173	0.174	0.173	0.181
org.apache.hadoop.hbase.regionserver.wal.TestSequenceIdAccounting	0.18	0.171	0.173	0.178	0.178
org.apache.hadoop.hbase.client.TestAllowPartialScanResultCache	0.17	0.175	0.18	0.167	0.174
org.apache.hadoop.hbase.client.TestBatchScanResultCache	0.168	0.169	0.183	0.17	0.171
org.apache.hadoop.hbase.regionserver.TestKeyValueHeap	0.172	0.165	0.16	0.164	0.164
org.apache.hadoop.hbase.quotas.policies.TestNoInsertsViolationPolicyEnforcement	0.163	0.142	0.15	0.141	0.161
org.apache.hadoop.hbase.filter.TestFirstKeyValueMatchingQualifiersFilter	0.149	0.146	0.159	0.154	0.161
org.apache.hadoop.hbase.mob.TestMobFileName	0.15	0.149	0.157	0.165	0.156
org.apache.hadoop.hbase.filter.TestSingleColumnValueExcludeFilter	0.154	0.149	0.146	0.158	0.149
org.apache.hadoop.hbase.replication.master.TestTableCFsUpdater	0.143	0.142	0.135	0.152	0.148
org.apache.hadoop.hbase.quotas.policies.TestNoWritesCompactionsViolationPolicyEnforcement	0.162	0.155	0.137	0.142	0.144
org.apache.hadoop.hbase.quotas.policies.TestNoWritesViolationPolicyEnforcement	0.144	0.146	0.136	0.141	0.144
org.apache.hadoop.hbase.quotas.policies.TestDisableTableViolationPolicyEnforcement	0.151	0.143	0.139	0.142	0.14
org.apache.hadoop.hbase.util.TestRootPath	0.126	0.127	0.13	0.135	0.132
org.apache.hadoop.hbase.replication.regionserver.TestReplicationThrottler	0.121	0.115	0.117	0.122	0.119
org.apache.hadoop.hbase.wal.TestReadWriteSeqIdFiles	0.116	0.112	0.111	0.112	0.115
org.apache.hadoop.hbase.regionserver.compactions.TestOffPeakHours	0.112	0.104	0.103	0.108	0.113
org.apache.hadoop.hbase.coprocessor.TestCoreRegionServerCoprocessor	0.093	0.091	0.088	0.093	0.095
